/home/captvty/.wine/drive_c/windows/system32/xactengine2_9.dll	/opt/wine-staging/lib/wine/x86_64-windows/xactengine2_9.dll
/home/captvty/.wine/drive_c/windows/system32/Speech/Common/sapi.dll	/opt/wine-staging/lib/wine/x86_64-windows/sapi.dll
/home/captvty/.wine/drive_c/windows/system32/c_20866.nls	/opt/wine-staging/share/wine/nls/c_20866.nls
/home/captvty/.wine/drive_c/windows/syswow64/c_20866.nls	/opt/wine-staging/share/wine/nls/c_20866.nls
/home/captvty/.wine/drive_c/windows/syswow64/dswave.dll	/opt/wine-staging/lib/wine/i386-windows/dswave.dll
/home/captvty/.wine/drive_c/windows/system32/cryptdll.dll	/opt/wine-staging/lib/wine/x86_64-windows/cryptdll.dll
/home/captvty/.wine/drive_c/windows/syswow64/bluetoothapis.dll	/opt/wine-staging/lib/wine/i386-windows/bluetoothapis.dll
/home/captvty/.wine/drive_c/windows/syswow64/xactengine2_0.dll	/opt/wine-staging/lib/wine/i386-windows/xactengine2_0.dll
/home/captvty/.wine/drive_c/windows/system32/find.exe	/opt/wine-staging/lib/wine/x86_64-windows/find.exe
/home/captvty/.wine/drive_c/windows/system32/wldap32.dll	/opt/wine-staging/lib/wine/x86_64-windows/wldap32.dll
/home/captvty/.wine/drive_c/windows/syswow64/t2embed.dll	/opt/wine-staging/lib/wine/i386-windows/t2embed.dll
/home/captvty/.wine/drive_c/windows/system32/windows.system.profile.systemmanufacturers.dll	/opt/wine-staging/lib/wine/x86_64-windows/windows.system.profile.systemmanufacturers.dll
/home/captvty/.wine/drive_c/windows/syswow64/windows.devices.radios.dll	/opt/wine-staging/lib/wine/i386-windows/windows.devices.radios.dll
/home/captvty/.wine/drive_c/windows/system32/d3dcompiler_33.dll	/opt/wine-staging/lib/wine/x86_64-windows/d3dcompiler_33.dll
/home/captvty/.wine/drive_c/windows/system32/xaudio2_9.dll	/opt/wine-staging/lib/wine/x86_64-windows/xaudio2_9.dll
/home/captvty/.wine/drive_c/windows/syswow64/jsproxy.dll	/opt/wine-staging/lib/wine/i386-windows/jsproxy.dll
/home/captvty/.wine/drive_c/windows/syswow64/netapi32.dll	/opt/wine-staging/lib/wine/i386-windows/netapi32.dll
/home/captvty/.wine/drive_c/windows/syswow64/fontsub.dll	/opt/wine-staging/lib/wine/i386-windows/fontsub.dll
/home/captvty/.wine/drive_c/windows/syswow64/wsnmp32.dll	/opt/wine-staging/lib/wine/i386-windows/wsnmp32.dll
/home/captvty/.wine/drive_c/windows/syswow64/pstorec.dll	/opt/wine-staging/lib/wine/i386-windows/pstorec.dll
/home/captvty/.wine/drive_c/windows/system32/icinfo.exe	/opt/wine-staging/lib/wine/x86_64-windows/icinfo.exe
/home/captvty/.wine/drive_c/windows/syswow64/msident.dll	/opt/wine-staging/lib/wine/i386-windows/msident.dll
/home/captvty/.wine/drive_c/windows/syswow64/compstui.dll	/opt/wine-staging/lib/wine/i386-windows/compstui.dll
/home/captvty/.wine/drive_c/Program Files/Common Files/System/OLE DB/msdaps.dll	/opt/wine-staging/lib/wine/x86_64-windows/msdaps.dll
/home/captvty/.wine/drive_c/windows/system32/c_860.nls	/opt/wine-staging/share/wine/nls/c_860.nls
/home/captvty/.wine/drive_c/windows/syswow64/c_860.nls	/opt/wine-staging/share/wine/nls/c_860.nls
/home/captvty/.wine/drive_c/windows/system32/schannel.dll	/opt/wine-staging/lib/wine/x86_64-windows/schannel.dll
/home/captvty/.wine/drive_c/windows/syswow64/ntoskrnl.exe	/opt/wine-staging/lib/wine/i386-windows/ntoskrnl.exe
/home/captvty/.wine/drive_c/windows/system32/mtxdm.dll	/opt/wine-staging/lib/wine/x86_64-windows/mtxdm.dll
/home/captvty/.wine/drive_c/windows/syswow64/taskschd.dll	/opt/wine-staging/lib/wine/i386-windows/taskschd.dll
/home/captvty/.wine/drive_c/windows/syswow64/windows.system.profile.systemid.dll	/opt/wine-staging/lib/wine/i386-windows/windows.system.profile.systemid.dll
/home/captvty/.wine/drive_c/windows/syswow64/powrprof.dll	/opt/wine-staging/lib/wine/i386-windows/powrprof.dll
/home/captvty/.wine/drive_c/windows/system32/cryptsp.dll	/opt/wine-staging/lib/wine/x86_64-windows/cryptsp.dll
/home/captvty/.wine/drive_c/windows/system32/mssign32.dll	/opt/wine-staging/lib/wine/x86_64-windows/mssign32.dll
/home/captvty/.wine/drive_c/windows/system32/dsquery.dll	/opt/wine-staging/lib/wine/x86_64-windows/dsquery.dll
/home/captvty/.wine/drive_c/windows/system32/dsdmo.dll	/opt/wine-staging/lib/wine/x86_64-windows/dsdmo.dll
/home/captvty/.wine/drive_c/windows/syswow64/timeout.exe	/opt/wine-staging/lib/wine/i386-windows/timeout.exe
/home/captvty/.wine/drive_c/windows/system32/vssapi.dll	/opt/wine-staging/lib/wine/x86_64-windows/vssapi.dll
/home/captvty/.wine/drive_c/windows/system32/winbio.dll	/opt/wine-staging/lib/wine/x86_64-windows/winbio.dll
/home/captvty/.wine/drive_c/windows/system32/mmcndmgr.dll	/opt/wine-staging/lib/wine/x86_64-windows/mmcndmgr.dll
/home/captvty/.wine/drive_c/Program Files (x86)/Common Files/Microsoft Shared/Ink/inkobj.dll	/opt/wine-staging/lib/wine/i386-windows/inkobj.dll
/home/captvty/.wine/drive_c/windows/syswow64/sc.exe	/opt/wine-staging/lib/wine/i386-windows/sc.exe
/home/captvty/.wine/drive_c/windows/system32/itircl.dll	/opt/wine-staging/lib/wine/x86_64-windows/itircl.dll
/home/captvty/.wine/drive_c/windows/system32/srclient.dll	/opt/wine-staging/lib/wine/x86_64-windows/srclient.dll
/home/captvty/.wine/drive_c/windows/syswow64/wmi.dll	/opt/wine-staging/lib/wine/i386-windows/wmi.dll
/home/captvty/.wine/drive_c/windows/system32/d3dx9_34.dll	/opt/wine-staging/lib/wine/x86_64-windows/d3dx9_34.dll
/home/captvty/.wine/drive_c/windows/system32/d3dx11_43.dll	/opt/wine-staging/lib/wine/x86_64-windows/d3dx11_43.dll
/home/captvty/.wine/drive_c/windows/syswow64/d3d12core.dll	/opt/wine-staging/lib/wine/i386-windows/d3d12core.dll
/home/captvty/.wine/drive_c/windows/syswow64/d3dx11_43.dll	/opt/wine-staging/lib/wine/i386-windows/d3dx11_43.dll
/home/captvty/.wine/drive_c/windows/syswow64/icmui.dll	/opt/wine-staging/lib/wine/i386-windows/icmui.dll
/home/captvty/.wine/drive_c/windows/system32/virtdisk.dll	/opt/wine-staging/lib/wine/x86_64-windows/virtdisk.dll
/home/captvty/.wine/drive_c/windows/syswow64/userenv.dll	/opt/wine-staging/lib/wine/i386-windows/userenv.dll
/home/captvty/.wine/drive_c/windows/system32/drivers/mouhid.sys	/opt/wine-staging/lib/wine/x86_64-windows/mouhid.sys
/home/captvty/.wine/drive_c/windows/system32/fontsub.dll	/opt/wine-staging/lib/wine/x86_64-windows/fontsub.dll
/home/captvty/.wine/drive_c/windows/syswow64/rundll32.exe	/opt/wine-staging/lib/wine/i386-windows/rundll32.exe
/home/captvty/.wine/drive_c/windows/system32/resutils.dll	/opt/wine-staging/lib/wine/x86_64-windows/resutils.dll
/home/captvty/.wine/drive_c/windows/system32/d3dcompiler_35.dll	/opt/wine-staging/lib/wine/x86_64-windows/d3dcompiler_35.dll
/home/captvty/.wine/drive_c/windows/syswow64/d3dcompiler_33.dll	/opt/wine-staging/lib/wine/i386-windows/d3dcompiler_33.dll
/home/captvty/.wine/drive_c/windows/syswow64/msvcrt40.dll	/opt/wine-staging/lib/wine/i386-windows/msvcrt40.dll
/home/captvty/.wine/drive_c/windows/system32/atl110.dll	/opt/wine-staging/lib/wine/x86_64-windows/atl110.dll
/home/captvty/.wine/drive_c/windows/system32/wusa.exe	/opt/wine-staging/lib/wine/x86_64-windows/wusa.exe
/home/captvty/.wine/drive_c/windows/syswow64/winedevice.exe	/opt/wine-staging/lib/wine/i386-windows/winedevice.exe
/home/captvty/.wine/drive_c/windows/system32/sspicli.dll	/opt/wine-staging/lib/wine/x86_64-windows/sspicli.dll
/home/captvty/.wine/drive_c/windows/syswow64/gecko/plugin/npmshtml.dll	/opt/wine-staging/lib/wine/i386-windows/npmshtml.dll
/home/captvty/.wine/drive_c/windows/twain_32.dll	/opt/wine-staging/lib/wine/i386-windows/twain_32.dll
/home/captvty/.wine/drive_c/windows/syswow64/shdoclc.dll	/opt/wine-staging/lib/wine/i386-windows/shdoclc.dll
/home/captvty/.wine/drive_c/windows/syswow64/xactengine2_9.dll	/opt/wine-staging/lib/wine/i386-windows/xactengine2_9.dll
/home/captvty/.wine/drive_c/windows/syswow64/d3dx10_38.dll	/opt/wine-staging/lib/wine/i386-windows/d3dx10_38.dll
/home/captvty/.wine/drive_c/windows/system32/kerberos.dll	/opt/wine-staging/lib/wine/x86_64-windows/kerberos.dll
/home/captvty/.wine/drive_c/windows/syswow64/dmloader.dll	/opt/wine-staging/lib/wine/i386-windows/dmloader.dll
/home/captvty/.wine/drive_c/windows/system32/mapi32.dll	/opt/wine-staging/lib/wine/x86_64-windows/mapi32.dll
/home/captvty/.wine/drive_c/windows/system32/svrapi.dll	/opt/wine-staging/lib/wine/x86_64-windows/svrapi.dll
/home/captvty/.wine/drive_c/windows/system32/avicap32.dll	/opt/wine-staging/lib/wine/x86_64-windows/avicap32.dll
/home/captvty/.wine/drive_c/windows/system32/msvcp71.dll	/opt/wine-staging/lib/wine/x86_64-windows/msvcp71.dll
/home/captvty/.wine/drive_c/windows/syswow64/wing32.dll	/opt/wine-staging/lib/wine/i386-windows/wing32.dll
/home/captvty/.wine/drive_c/windows/syswow64/d3dx9_38.dll	/opt/wine-staging/lib/wine/i386-windows/d3dx9_38.dll
/home/captvty/.wine/drive_c/windows/syswow64/srvcli.dll	/opt/wine-staging/lib/wine/i386-windows/srvcli.dll
/home/captvty/.wine/drive_c/windows/syswow64/windows.applicationmodel.dll	/opt/wine-staging/lib/wine/i386-windows/windows.applicationmodel.dll
/home/captvty/.wine/drive_c/windows/system32/d3d10.dll	/opt/wine-staging/lib/wine/x86_64-windows/d3d10.dll
/home/captvty/.wine/drive_c/windows/system32/msvcm90.dll	/opt/wine-staging/lib/wine/x86_64-windows/msvcm90.dll
/home/captvty/.wine/drive_c/windows/winsxs/amd64_microsoft.vc90.crt_1fc8b3b9a1e18e3b_9.0.30729.6161_none_deadbeef/msvcm90.dll	/opt/wine-staging/lib/wine/x86_64-windows/msvcm90.dll
/home/captvty/.wine/drive_c/windows/syswow64/vcruntime140.dll	/opt/wine-staging/lib/wine/i386-windows/vcruntime140.dll
/home/captvty/.wine/drive_c/windows/syswow64/cdosys.dll	/opt/wine-staging/lib/wine/i386-windows/cdosys.dll
/home/captvty/.wine/drive_c/windows/system32/gameinput.dll	/opt/wine-staging/lib/wine/x86_64-windows/gameinput.dll
/home/captvty/.wine/drive_c/windows/system32/xpsprint.dll	/opt/wine-staging/lib/wine/x86_64-windows/xpsprint.dll
/home/captvty/.wine/drive_c/windows/syswow64/sspicli.dll	/opt/wine-staging/lib/wine/i386-windows/sspicli.dll
/home/captvty/.wine/drive_c/windows/syswow64/msrle32.dll	/opt/wine-staging/lib/wine/i386-windows/msrle32.dll
/home/captvty/.wine/drive_c/windows/system32/magnification.dll	/opt/wine-staging/lib/wine/x86_64-windows/magnification.dll
/home/captvty/.wine/drive_c/windows/system32/l3codecx.ax	/opt/wine-staging/lib/wine/x86_64-windows/l3codecx.ax
/home/captvty/.wine/drive_c/windows/syswow64/tbs.dll	/opt/wine-staging/lib/wine/i386-windows/tbs.dll
/home/captvty/.wine/drive_c/windows/system32/mmdevapi.dll	/opt/wine-staging/lib/wine/x86_64-windows/mmdevapi.dll
/home/captvty/.wine/drive_c/windows/syswow64/msacm32.dll	/opt/wine-staging/lib/wine/i386-windows/msacm32.dll
/home/captvty/.wine/drive_c/windows/system32/attrib.exe	/opt/wine-staging/lib/wine/x86_64-windows/attrib.exe
/home/captvty/.wine/drive_c/windows/system32/hrtfapo.dll	/opt/wine-staging/lib/wine/x86_64-windows/hrtfapo.dll
/home/captvty/.wine/drive_c/windows/syswow64/wshom.ocx	/opt/wine-staging/lib/wine/i386-windows/wshom.ocx
/home/captvty/.wine/drive_c/windows/syswow64/normaliz.dll	/opt/wine-staging/lib/wine/i386-windows/normaliz.dll
/home/captvty/.wine/drive_c/windows/system32/reg.exe	/opt/wine-staging/lib/wine/x86_64-windows/reg.exe
/home/captvty/.wine/drive_c/windows/system32/sensapi.dll	/opt/wine-staging/lib/wine/x86_64-windows/sensapi.dll
/home/captvty/.wine/drive_c/windows/system32/spoolss.dll	/opt/wine-staging/lib/wine/x86_64-windows/spoolss.dll
/home/captvty/.wine/drive_c/windows/system32/winspool.drv	/opt/wine-staging/lib/wine/x86_64-windows/winspool.drv
/home/captvty/.wine/drive_c/windows/system32/dssenh.dll	/opt/wine-staging/lib/wine/x86_64-windows/dssenh.dll
/home/captvty/.wine/drive_c/windows/system32/c_1254.nls	/opt/wine-staging/share/wine/nls/c_1254.nls
/home/captvty/.wine/drive_c/windows/syswow64/c_1254.nls	/opt/wine-staging/share/wine/nls/c_1254.nls
/home/captvty/.wine/drive_c/windows/syswow64/windows.ui.dll	/opt/wine-staging/lib/wine/i386-windows/windows.ui.dll
/home/captvty/.wine/drive_c/windows/syswow64/winefile.exe	/opt/wine-staging/lib/wine/i386-windows/winefile.exe
/home/captvty/.wine/drive_c/windows/system32/localui.dll	/opt/wine-staging/lib/wine/x86_64-windows/localui.dll
/home/captvty/.wine/drive_c/windows/syswow64/cryptbase.dll	/opt/wine-staging/lib/wine/i386-windows/cryptbase.dll
/home/captvty/.wine/drive_c/windows/system32/windows.applicationmodel.dll	/opt/wine-staging/lib/wine/x86_64-windows/windows.applicationmodel.dll
/home/captvty/.wine/drive_c/windows/syswow64/winex11.drv	/opt/wine-staging/lib/wine/i386-windows/winex11.drv
/home/captvty/.wine/drive_c/windows/syswow64/winepath.exe	/opt/wine-staging/lib/wine/i386-windows/winepath.exe
/home/captvty/.wine/drive_c/windows/system32/msinfo32.exe	/opt/wine-staging/lib/wine/x86_64-windows/msinfo32.exe
/home/captvty/.wine/drive_c/windows/syswow64/notepad.exe	/opt/wine-staging/lib/wine/i386-windows/notepad.exe
/home/captvty/.wine/drive_c/windows/syswow64/schannel.dll	/opt/wine-staging/lib/wine/i386-windows/schannel.dll
/home/captvty/.wine/drive_c/windows/system32/winmetadata/windows.ui.winmd	/opt/wine-staging/share/wine/winmd/windows.ui.winmd
/home/captvty/.wine/drive_c/windows/syswow64/winmetadata/windows.ui.winmd	/opt/wine-staging/share/wine/winmd/windows.ui.winmd
/home/captvty/.wine/drive_c/windows/system32/msvcr71.dll	/opt/wine-staging/lib/wine/x86_64-windows/msvcr71.dll
/home/captvty/.wine/drive_c/windows/system32/d3dx9_37.dll	/opt/wine-staging/lib/wine/x86_64-windows/d3dx9_37.dll
/home/captvty/.wine/drive_c/windows/system32/d3dcompiler_38.dll	/opt/wine-staging/lib/wine/x86_64-windows/d3dcompiler_38.dll
/home/captvty/.wine/drive_c/windows/system32/actxprxy.dll	/opt/wine-staging/lib/wine/x86_64-windows/actxprxy.dll
/home/captvty/.wine/drive_c/windows/syswow64/robocopy.exe	/opt/wine-staging/lib/wine/i386-windows/robocopy.exe
/home/captvty/.wine/drive_c/windows/system32/ieframe.dll	/opt/wine-staging/lib/wine/x86_64-windows/ieframe.dll
/home/captvty/.wine/drive_c/windows/system32/normaliz.dll	/opt/wine-staging/lib/wine/x86_64-windows/normaliz.dll
/home/captvty/.wine/drive_c/windows/system32/ddraw.dll	/opt/wine-staging/lib/wine/x86_64-windows/ddraw.dll
/home/captvty/.wine/drive_c/windows/system32/packager.dll	/opt/wine-staging/lib/wine/x86_64-windows/packager.dll
/home/captvty/.wine/drive_c/windows/system32/connect.dll	/opt/wine-staging/lib/wine/x86_64-windows/connect.dll
/home/captvty/.wine/drive_c/windows/system32/msvcp_win.dll	/opt/wine-staging/lib/wine/x86_64-windows/msvcp_win.dll
/home/captvty/.wine/drive_c/windows/syswow64/msvcm80.dll	/opt/wine-staging/lib/wine/i386-windows/msvcm80.dll
/home/captvty/.wine/drive_c/windows/winsxs/x86_microsoft.vc80.crt_1fc8b3b9a1e18e3b_8.0.50727.9672_none_deadbeef/msvcm80.dll	/opt/wine-staging/lib/wine/i386-windows/msvcm80.dll
/home/captvty/.wine/drive_c/windows/syswow64/mciavi32.dll	/opt/wine-staging/lib/wine/i386-windows/mciavi32.dll
/home/captvty/.wine/drive_c/windows/system32/icacls.exe	/opt/wine-staging/lib/wine/x86_64-windows/icacls.exe
/home/captvty/.wine/drive_c/windows/system32/ncrypt.dll	/opt/wine-staging/lib/wine/x86_64-windows/ncrypt.dll
/home/captvty/.wine/drive_c/windows/syswow64/taskkill.exe	/opt/wine-staging/lib/wine/i386-windows/taskkill.exe
/home/captvty/.wine/drive_c/windows/system32/ipconfig.exe	/opt/wine-staging/lib/wine/x86_64-windows/ipconfig.exe
/home/captvty/.wine/drive_c/windows/system32/winmetadata/windows.perception.winmd	/opt/wine-staging/share/wine/winmd/windows.perception.winmd
/home/captvty/.wine/drive_c/windows/syswow64/winmetadata/windows.perception.winmd	/opt/wine-staging/share/wine/winmd/windows.perception.winmd
/home/captvty/.wine/drive_c/windows/explorer.exe	/opt/wine-staging/lib/wine/x86_64-windows/explorer.exe
/home/captvty/.wine/drive_c/windows/system32/explorer.exe	/opt/wine-staging/lib/wine/x86_64-windows/explorer.exe
/home/captvty/.wine/drive_c/windows/system32/scardsvr.dll	/opt/wine-staging/lib/wine/x86_64-windows/scardsvr.dll
/home/captvty/.wine/drive_c/windows/syswow64/l3codeca.acm	/opt/wine-staging/lib/wine/i386-windows/l3codeca.acm
/home/captvty/.wine/drive_c/windows/system32/rpcrt4.dll	/opt/wine-staging/lib/wine/x86_64-windows/rpcrt4.dll
/home/captvty/.wine/drive_c/windows/syswow64/dnsapi.dll	/opt/wine-staging/lib/wine/i386-windows/dnsapi.dll
/home/captvty/.wine/drive_c/windows/syswow64/xactengine3_5.dll	/opt/wine-staging/lib/wine/i386-windows/xactengine3_5.dll
/home/captvty/.wine/drive_c/windows/system32/vdmdbg.dll	/opt/wine-staging/lib/wine/x86_64-windows/vdmdbg.dll
/home/captvty/.wine/drive_c/windows/system32/c_28591.nls	/opt/wine-staging/share/wine/nls/c_28591.nls
/home/captvty/.wine/drive_c/windows/syswow64/c_28591.nls	/opt/wine-staging/share/wine/nls/c_28591.nls
/home/captvty/.wine/drive_c/windows/syswow64/explorerframe.dll	/opt/wine-staging/lib/wine/i386-windows/explorerframe.dll
/home/captvty/.wine/drive_c/windows/system32/inseng.dll	/opt/wine-staging/lib/wine/x86_64-windows/inseng.dll
/home/captvty/.wine/drive_c/windows/system32/sccbase.dll	/opt/wine-staging/lib/wine/x86_64-windows/sccbase.dll
/home/captvty/.wine/drive_c/windows/syswow64/msvcrtd.dll	/opt/wine-staging/lib/wine/i386-windows/msvcrtd.dll
/home/captvty/.wine/drive_c/windows/system32/c_1026.nls	/opt/wine-staging/share/wine/nls/c_1026.nls
/home/captvty/.wine/drive_c/windows/syswow64/c_1026.nls	/opt/wine-staging/share/wine/nls/c_1026.nls
/home/captvty/.wine/drive_c/windows/system32/runas.exe	/opt/wine-staging/lib/wine/x86_64-windows/runas.exe
/home/captvty/.wine/drive_c/windows/syswow64/windowscodecsext.dll	/opt/wine-staging/lib/wine/i386-windows/windowscodecsext.dll
/home/captvty/.wine/drive_c/windows/system32/uxtheme.dll	/opt/wine-staging/lib/wine/x86_64-windows/uxtheme.dll
/home/captvty/.wine/drive_c/windows/system32/dx8vb.dll	/opt/wine-staging/lib/wine/x86_64-windows/dx8vb.dll
/home/captvty/.wine/drive_c/windows/syswow64/secur32.dll	/opt/wine-staging/lib/wine/i386-windows/secur32.dll
/home/captvty/.wine/drive_c/windows/syswow64/hrtfapo.dll	/opt/wine-staging/lib/wine/i386-windows/hrtfapo.dll
/home/captvty/.wine/drive_c/windows/system32/adsldpc.dll	/opt/wine-staging/lib/wine/x86_64-windows/adsldpc.dll
/home/captvty/.wine/drive_c/windows/system32/d3dx10_35.dll	/opt/wine-staging/lib/wine/x86_64-windows/d3dx10_35.dll
/home/captvty/.wine/drive_c/windows/syswow64/bcryptprimitives.dll	/opt/wine-staging/lib/wine/i386-windows/bcryptprimitives.dll
/home/captvty/.wine/drive_c/Program Files (x86)/Common Files/Microsoft Shared/Ink/tiptsf.dll	/opt/wine-staging/lib/wine/i386-windows/tiptsf.dll
/home/captvty/.wine/drive_c/windows/globalization/sorting/sortdefault.nls	/opt/wine-staging/share/wine/nls/sortdefault.nls
/home/captvty/.wine/drive_c/windows/syswow64/wldp.dll	/opt/wine-staging/lib/wine/i386-windows/wldp.dll
/home/captvty/.wine/drive_c/windows/syswow64/geolocation.dll	/opt/wine-staging/lib/wine/i386-windows/geolocation.dll
/home/captvty/.wine/drive_c/windows/system32/mpr.dll	/opt/wine-staging/lib/wine/x86_64-windows/mpr.dll
/home/captvty/.wine/drive_c/windows/system32/faultrep.dll	/opt/wine-staging/lib/wine/x86_64-windows/faultrep.dll
/home/captvty/.wine/drive_c/windows/system32/riched32.dll	/opt/wine-staging/lib/wine/x86_64-windows/riched32.dll
/home/captvty/.wine/drive_c/windows/system32/arp.exe	/opt/wine-staging/lib/wine/x86_64-windows/arp.exe
/home/captvty/.wine/drive_c/windows/system32/msimtf.dll	/opt/wine-staging/lib/wine/x86_64-windows/msimtf.dll
/home/captvty/.wine/drive_c/windows/syswow64/urlmon.dll	/opt/wine-staging/lib/wine/i386-windows/urlmon.dll
/home/captvty/.wine/drive_c/windows/system32/sti.dll	/opt/wine-staging/lib/wine/x86_64-windows/sti.dll
/home/captvty/.wine/drive_c/windows/syswow64/fntcache.dll	/opt/wine-staging/lib/wine/i386-windows/fntcache.dll
/home/captvty/.wine/drive_c/windows/system32/xactengine3_1.dll	/opt/wine-staging/lib/wine/x86_64-windows/xactengine3_1.dll
/home/captvty/.wine/drive_c/windows/syswow64/mfreadwrite.dll	/opt/wine-staging/lib/wine/i386-windows/mfreadwrite.dll
/home/captvty/.wine/drive_c/windows/system32/winmetadata/windows.media.winmd	/opt/wine-staging/share/wine/winmd/windows.media.winmd
/home/captvty/.wine/drive_c/windows/syswow64/winmetadata/windows.media.winmd	/opt/wine-staging/share/wine/winmd/windows.media.winmd
/home/captvty/.wine/drive_c/windows/system32/winhlp32.exe	/opt/wine-staging/lib/wine/x86_64-windows/winhlp32.exe
/home/captvty/.wine/drive_c/windows/syswow64/odbccu32.dll	/opt/wine-staging/lib/wine/i386-windows/odbccu32.dll
/home/captvty/.wine/drive_c/windows/syswow64/winbio.dll	/opt/wine-staging/lib/wine/i386-windows/winbio.dll
/home/captvty/.wine/drive_c/windows/system32/d3dx10_37.dll	/opt/wine-staging/lib/wine/x86_64-windows/d3dx10_37.dll
/home/captvty/.wine/drive_c/windows/system32/c_861.nls	/opt/wine-staging/share/wine/nls/c_861.nls
/home/captvty/.wine/drive_c/windows/syswow64/c_861.nls	/opt/wine-staging/share/wine/nls/c_861.nls
/home/captvty/.wine/drive_c/windows/system32/c_950.nls	/opt/wine-staging/share/wine/nls/c_950.nls
/home/captvty/.wine/drive_c/windows/syswow64/c_950.nls	/opt/wine-staging/share/wine/nls/c_950.nls
/home/captvty/.wine/drive_c/windows/system32/ninput.dll	/opt/wine-staging/lib/wine/x86_64-windows/ninput.dll
/home/captvty/.wine/drive_c/windows/syswow64/wintrust.dll	/opt/wine-staging/lib/wine/i386-windows/wintrust.dll
/home/captvty/.wine/drive_c/windows/system32/win32u.dll	/opt/wine-staging/lib/wine/x86_64-windows/win32u.dll
/home/captvty/.wine/drive_c/windows/system32/windows.ui.dll	/opt/wine-staging/lib/wine/x86_64-windows/windows.ui.dll
/home/captvty/.wine/drive_c/windows/system32/mfreadwrite.dll	/opt/wine-staging/lib/wine/x86_64-windows/mfreadwrite.dll
/home/captvty/.wine/drive_c/windows/system32/netutils.dll	/opt/wine-staging/lib/wine/x86_64-windows/netutils.dll
/home/captvty/.wine/drive_c/windows/syswow64/icuin.dll	/opt/wine-staging/lib/wine/i386-windows/icuin.dll
/home/captvty/.wine/drive_c/windows/syswow64/winemapi.dll	/opt/wine-staging/lib/wine/i386-windows/winemapi.dll
/home/captvty/.wine/drive_c/windows/syswow64/winusb.dll	/opt/wine-staging/lib/wine/i386-windows/winusb.dll
/home/captvty/.wine/drive_c/windows/system32/netsh.exe	/opt/wine-staging/lib/wine/x86_64-windows/netsh.exe
/home/captvty/.wine/drive_c/windows/syswow64/actxprxy.dll	/opt/wine-staging/lib/wine/i386-windows/actxprxy.dll
/home/captvty/.wine/drive_c/windows/system32/prntvpt.dll	/opt/wine-staging/lib/wine/x86_64-windows/prntvpt.dll
/home/captvty/.wine/drive_c/windows/syswow64/nsi.dll	/opt/wine-staging/lib/wine/i386-windows/nsi.dll
/home/captvty/.wine/drive_c/windows/syswow64/bcrypt.dll	/opt/wine-staging/lib/wine/i386-windows/bcrypt.dll
/home/captvty/.wine/drive_c/windows/syswow64/winmgmt.exe	/opt/wine-staging/lib/wine/i386-windows/winmgmt.exe
/home/captvty/.wine/drive_c/windows/system32/icuuc.dll	/opt/wine-staging/lib/wine/x86_64-windows/icuuc.dll
/home/captvty/.wine/drive_c/windows/syswow64/winnls32.dll	/opt/wine-staging/lib/wine/i386-windows/winnls32.dll
/home/captvty/.wine/drive_c/windows/system32/rtworkq.dll	/opt/wine-staging/lib/wine/x86_64-windows/rtworkq.dll
/home/captvty/.wine/drive_c/windows/system32/c_10001.nls	/opt/wine-staging/share/wine/nls/c_10001.nls
/home/captvty/.wine/drive_c/windows/syswow64/c_10001.nls	/opt/wine-staging/share/wine/nls/c_10001.nls
/home/captvty/.wine/drive_c/windows/syswow64/odbc32.dll	/opt/wine-staging/lib/wine/i386-windows/odbc32.dll
/home/captvty/.wine/drive_c/windows/system32/xaudio2_4.dll	/opt/wine-staging/lib/wine/x86_64-windows/xaudio2_4.dll
/home/captvty/.wine/drive_c/windows/syswow64/traffic.dll	/opt/wine-staging/lib/wine/i386-windows/traffic.dll
/home/captvty/.wine/drive_c/windows/syswow64/windows.system.profile.systemmanufacturers.dll	/opt/wine-staging/lib/wine/i386-windows/windows.system.profile.systemmanufacturers.dll
/home/captvty/.wine/drive_c/windows/syswow64/mf.dll	/opt/wine-staging/lib/wine/i386-windows/mf.dll
/home/captvty/.wine/drive_c/windows/syswow64/reg.exe	/opt/wine-staging/lib/wine/i386-windows/reg.exe
/home/captvty/.wine/drive_c/windows/syswow64/ping.exe	/opt/wine-staging/lib/wine/i386-windows/ping.exe
/home/captvty/.wine/drive_c/windows/syswow64/msvcp120.dll	/opt/wine-staging/lib/wine/i386-windows/msvcp120.dll
/home/captvty/.wine/drive_c/windows/system32/mspatcha.dll	/opt/wine-staging/lib/wine/x86_64-windows/mspatcha.dll
/home/captvty/.wine/drive_c/windows/system32/extrac32.exe	/opt/wine-staging/lib/wine/x86_64-windows/extrac32.exe
/home/captvty/.wine/drive_c/windows/syswow64/msg711.acm	/opt/wine-staging/lib/wine/i386-windows/msg711.acm
/home/captvty/.wine/drive_c/windows/syswow64/xapofx1_4.dll	/opt/wine-staging/lib/wine/i386-windows/xapofx1_4.dll
/home/captvty/.wine/drive_c/windows/system32/c_864.nls	/opt/wine-staging/share/wine/nls/c_864.nls
/home/captvty/.wine/drive_c/windows/syswow64/c_864.nls	/opt/wine-staging/share/wine/nls/c_864.nls
/home/captvty/.wine/drive_c/windows/system32/qcap.dll	/opt/wine-staging/lib/wine/x86_64-windows/qcap.dll
/home/captvty/.wine/drive_c/windows/syswow64/d3dcompiler_38.dll	/opt/wine-staging/lib/wine/i386-windows/d3dcompiler_38.dll
/home/captvty/.wine/drive_c/windows/system32/c_21866.nls	/opt/wine-staging/share/wine/nls/c_21866.nls
/home/captvty/.wine/drive_c/windows/syswow64/c_21866.nls	/opt/wine-staging/share/wine/nls/c_21866.nls
/home/captvty/.wine/drive_c/windows/system32/windows.media.devices.dll	/opt/wine-staging/lib/wine/x86_64-windows/windows.media.devices.dll
/home/captvty/.wine/drive_c/windows/system32/msidb.exe	/opt/wine-staging/lib/wine/x86_64-windows/msidb.exe
/home/captvty/.wine/drive_c/windows/syswow64/olepro32.dll	/opt/wine-staging/lib/wine/i386-windows/olepro32.dll
/home/captvty/.wine/drive_c/windows/syswow64/xaudio2_0.dll	/opt/wine-staging/lib/wine/i386-windows/xaudio2_0.dll
/home/captvty/.wine/drive_c/windows/syswow64/d3dcompiler_43.dll	/opt/wine-staging/lib/wine/i386-windows/d3dcompiler_43.dll
/home/captvty/.wine/drive_c/windows/system32/c_10005.nls	/opt/wine-staging/share/wine/nls/c_10005.nls
/home/captvty/.wine/drive_c/windows/syswow64/c_10005.nls	/opt/wine-staging/share/wine/nls/c_10005.nls
/home/captvty/.wine/drive_c/windows/system32/wevtsvc.dll	/opt/wine-staging/lib/wine/x86_64-windows/wevtsvc.dll
/home/captvty/.wine/drive_c/windows/syswow64/x3daudio1_5.dll	/opt/wine-staging/lib/wine/i386-windows/x3daudio1_5.dll
/home/captvty/.wine/drive_c/windows/syswow64/windows.storage.dll	/opt/wine-staging/lib/wine/i386-windows/windows.storage.dll
/home/captvty/.wine/drive_c/windows/syswow64/dsound.dll	/opt/wine-staging/lib/wine/i386-windows/dsound.dll
/home/captvty/.wine/drive_c/windows/syswow64/windows.devices.enumeration.dll	/opt/wine-staging/lib/wine/i386-windows/windows.devices.enumeration.dll
/home/captvty/.wine/drive_c/windows/syswow64/srvsvc.dll	/opt/wine-staging/lib/wine/i386-windows/srvsvc.dll
/home/captvty/.wine/drive_c/windows/syswow64/dpwsockx.dll	/opt/wine-staging/lib/wine/i386-windows/dpwsockx.dll
/home/captvty/.wine/drive_c/windows/system32/xaudio2_7.dll	/opt/wine-staging/lib/wine/x86_64-windows/xaudio2_7.dll
/home/captvty/.wine/drive_c/windows/system32/xinput1_1.dll	/opt/wine-staging/lib/wine/x86_64-windows/xinput1_1.dll
/home/captvty/.wine/drive_c/windows/syswow64/dllhost.exe	/opt/wine-staging/lib/wine/i386-windows/dllhost.exe
/home/captvty/.wine/drive_c/windows/system32/olepro32.dll	/opt/wine-staging/lib/wine/x86_64-windows/olepro32.dll
/home/captvty/.wine/drive_c/windows/system32/vcomp.dll	/opt/wine-staging/lib/wine/x86_64-windows/vcomp.dll
/home/captvty/.wine/drive_c/windows/system32/xactengine3_3.dll	/opt/wine-staging/lib/wine/x86_64-windows/xactengine3_3.dll
/home/captvty/.wine/drive_c/windows/system32/c_437.nls	/opt/wine-staging/share/wine/nls/c_437.nls
/home/captvty/.wine/drive_c/windows/syswow64/c_437.nls	/opt/wine-staging/share/wine/nls/c_437.nls
/home/captvty/.wine/drive_c/windows/syswow64/dxcore.dll	/opt/wine-staging/lib/wine/i386-windows/dxcore.dll
/home/captvty/.wine/drive_c/windows/system32/gdi32.dll	/opt/wine-staging/lib/wine/x86_64-windows/gdi32.dll
/home/captvty/.wine/drive_c/windows/syswow64/mstask.dll	/opt/wine-staging/lib/wine/i386-windows/mstask.dll
/home/captvty/.wine/drive_c/windows/system32/windows.media.playback.mediaplayer.dll	/opt/wine-staging/lib/wine/x86_64-windows/windows.media.playback.mediaplayer.dll
/home/captvty/.wine/drive_c/windows/system32/xapofx1_5.dll	/opt/wine-staging/lib/wine/x86_64-windows/xapofx1_5.dll
/home/captvty/.wine/drive_c/windows/system32/dmcompos.dll	/opt/wine-staging/lib/wine/x86_64-windows/dmcompos.dll
/home/captvty/.wine/drive_c/windows/syswow64/vnbt.vxd	/opt/wine-staging/lib/wine/i386-windows/vnbt.vxd
/home/captvty/.wine/drive_c/windows/syswow64/msgsm32.acm	/opt/wine-staging/lib/wine/i386-windows/msgsm32.acm
/home/captvty/.wine/drive_c/windows/system32/drivers/dxgmms1.sys	/opt/wine-staging/lib/wine/x86_64-windows/dxgmms1.sys
/home/captvty/.wine/drive_c/windows/system32/drivers/wmilib.sys	/opt/wine-staging/lib/wine/x86_64-windows/wmilib.sys
/home/captvty/.wine/drive_c/windows/syswow64/ieproxy.dll	/opt/wine-staging/lib/wine/i386-windows/ieproxy.dll
/home/captvty/.wine/drive_c/windows/system32/winmetadata/windows.networking.winmd	/opt/wine-staging/share/wine/winmd/windows.networking.winmd
/home/captvty/.wine/drive_c/windows/syswow64/winmetadata/windows.networking.winmd	/opt/wine-staging/share/wine/winmd/windows.networking.winmd
/home/captvty/.wine/drive_c/windows/system32/ping.exe	/opt/wine-staging/lib/wine/x86_64-windows/ping.exe
/home/captvty/.wine/drive_c/windows/system32/wmadmod.dll	/opt/wine-staging/lib/wine/x86_64-windows/wmadmod.dll
/home/captvty/.wine/drive_c/windows/syswow64/unlodctr.exe	/opt/wine-staging/lib/wine/i386-windows/unlodctr.exe
/home/captvty/.wine/drive_c/windows/system32/mshta.exe	/opt/wine-staging/lib/wine/x86_64-windows/mshta.exe
/home/captvty/.wine/drive_c/windows/syswow64/xaudio2_5.dll	/opt/wine-staging/lib/wine/i386-windows/xaudio2_5.dll
/home/captvty/.wine/drive_c/windows/system32/windows.media.playback.backgroundmediaplayer.dll	/opt/wine-staging/lib/wine/x86_64-windows/windows.media.playback.backgroundmediaplayer.dll
/home/captvty/.wine/drive_c/windows/twain_32/sane.ds	/opt/wine-staging/lib/wine/i386-windows/sane.ds
/home/captvty/.wine/drive_c/windows/system32/quartz.dll	/opt/wine-staging/lib/wine/x86_64-windows/quartz.dll
/home/captvty/.wine/drive_c/windows/syswow64/msscript.ocx	/opt/wine-staging/lib/wine/i386-windows/msscript.ocx
/home/captvty/.wine/drive_c/windows/system32/xaudio2_3.dll	/opt/wine-staging/lib/wine/x86_64-windows/xaudio2_3.dll
/home/captvty/.wine/drive_c/windows/syswow64/shell32.dll	/opt/wine-staging/lib/wine/i386-windows/shell32.dll
/home/captvty/.wine/drive_c/windows/syswow64/advpack.dll	/opt/wine-staging/lib/wine/i386-windows/advpack.dll
/home/captvty/.wine/drive_c/windows/system32/start.exe	/opt/wine-staging/lib/wine/x86_64-windows/start.exe
/home/captvty/.wine/drive_c/windows/syswow64/webservices.dll	/opt/wine-staging/lib/wine/i386-windows/webservices.dll
/home/captvty/.wine/drive_c/windows/system32/c_28594.nls	/opt/wine-staging/share/wine/nls/c_28594.nls
/home/captvty/.wine/drive_c/windows/syswow64/c_28594.nls	/opt/wine-staging/share/wine/nls/c_28594.nls
/home/captvty/.wine/drive_c/windows/syswow64/rtutils.dll	/opt/wine-staging/lib/wine/i386-windows/rtutils.dll
/home/captvty/.wine/drive_c/windows/syswow64/d3dx9_29.dll	/opt/wine-staging/lib/wine/i386-windows/d3dx9_29.dll
/home/captvty/.wine/drive_c/windows/syswow64/regapi.dll	/opt/wine-staging/lib/wine/i386-windows/regapi.dll
/home/captvty/.wine/drive_c/windows/system32/netstat.exe	/opt/wine-staging/lib/wine/x86_64-windows/netstat.exe
/home/captvty/.wine/drive_c/windows/syswow64/vcomp100.dll	/opt/wine-staging/lib/wine/i386-windows/vcomp100.dll
/home/captvty/.wine/drive_c/windows/syswow64/msdrm.dll	/opt/wine-staging/lib/wine/i386-windows/msdrm.dll
/home/captvty/.wine/drive_c/windows/syswow64/mfasfsrcsnk.dll	/opt/wine-staging/lib/wine/i386-windows/mfasfsrcsnk.dll
/home/captvty/.wine/drive_c/windows/system32/xactengine3_4.dll	/opt/wine-staging/lib/wine/x86_64-windows/xactengine3_4.dll
/home/captvty/.wine/drive_c/windows/system32/msvdsp.dll	/opt/wine-staging/lib/wine/x86_64-windows/msvdsp.dll
/home/captvty/.wine/drive_c/windows/syswow64/d3dx9_37.dll	/opt/wine-staging/lib/wine/i386-windows/d3dx9_37.dll
/home/captvty/.wine/drive_c/windows/syswow64/d3dx9_40.dll	/opt/wine-staging/lib/wine/i386-windows/d3dx9_40.dll
/home/captvty/.wine/drive_c/windows/system32/winnls32.dll	/opt/wine-staging/lib/wine/x86_64-windows/winnls32.dll
/home/captvty/.wine/drive_c/windows/syswow64/dhcpcsvc6.dll	/opt/wine-staging/lib/wine/i386-windows/dhcpcsvc6.dll
/home/captvty/.wine/drive_c/windows/syswow64/oledlg.dll	/opt/wine-staging/lib/wine/i386-windows/oledlg.dll
/home/captvty/.wine/drive_c/windows/system32/fntcache.dll	/opt/wine-staging/lib/wine/x86_64-windows/fntcache.dll
/home/captvty/.wine/drive_c/windows/system32/atl80.dll	/opt/wine-staging/lib/wine/x86_64-windows/atl80.dll
/home/captvty/.wine/drive_c/windows/winsxs/amd64_microsoft.vc80.atl_1fc8b3b9a1e18e3b_8.0.50727.4053_none_deadbeef/atl80.dll	/opt/wine-staging/lib/wine/x86_64-windows/atl80.dll
/home/captvty/.wine/drive_c/windows/system32/d3dxof.dll	/opt/wine-staging/lib/wine/x86_64-windows/d3dxof.dll
/home/captvty/.wine/drive_c/windows/syswow64/mfmp4srcsnk.dll	/opt/wine-staging/lib/wine/i386-windows/mfmp4srcsnk.dll
/home/captvty/.wine/drive_c/windows/syswow64/cryptowinrt.dll	/opt/wine-staging/lib/wine/i386-windows/cryptowinrt.dll
/home/captvty/.wine/drive_c/windows/system32/windowscodecsext.dll	/opt/wine-staging/lib/wine/x86_64-windows/windowscodecsext.dll
/home/captvty/.wine/drive_c/windows/system32/setupapi.dll	/opt/wine-staging/lib/wine/x86_64-windows/setupapi.dll
/home/captvty/.wine/drive_c/windows/syswow64/vmm.vxd	/opt/wine-staging/lib/wine/i386-windows/vmm.vxd
/home/captvty/.wine/drive_c/windows/syswow64/hostname.exe	/opt/wine-staging/lib/wine/i386-windows/hostname.exe
/home/captvty/.wine/drive_c/windows/syswow64/find.exe	/opt/wine-staging/lib/wine/i386-windows/find.exe
/home/captvty/.wine/drive_c/windows/system32/msvcp140_atomic_wait.dll	/opt/wine-staging/lib/wine/x86_64-windows/msvcp140_atomic_wait.dll
/home/captvty/.wine/drive_c/windows/system32/l_intl.nls	/opt/wine-staging/share/wine/nls/l_intl.nls
/home/captvty/.wine/drive_c/windows/syswow64/l_intl.nls	/opt/wine-staging/share/wine/nls/l_intl.nls
/home/captvty/.wine/drive_c/windows/syswow64/sdbinst.exe	/opt/wine-staging/lib/wine/i386-windows/sdbinst.exe
/home/captvty/.wine/drive_c/windows/system32/wininet.dll	/opt/wine-staging/lib/wine/x86_64-windows/wininet.dll
/home/captvty/.wine/drive_c/windows/syswow64/msv1_0.dll	/opt/wine-staging/lib/wine/i386-windows/msv1_0.dll
/home/captvty/.wine/drive_c/windows/syswow64/d3dx9_39.dll	/opt/wine-staging/lib/wine/i386-windows/d3dx9_39.dll
/home/captvty/.wine/drive_c/windows/syswow64/winebrowser.exe	/opt/wine-staging/lib/wine/i386-windows/winebrowser.exe
/home/captvty/.wine/drive_c/windows/system32/userenv.dll	/opt/wine-staging/lib/wine/x86_64-windows/userenv.dll
/home/captvty/.wine/drive_c/windows/system32/lodctr.exe	/opt/wine-staging/lib/wine/x86_64-windows/lodctr.exe
/home/captvty/.wine/drive_c/windows/syswow64/x3daudio1_0.dll	/opt/wine-staging/lib/wine/i386-windows/x3daudio1_0.dll
/home/captvty/.wine/drive_c/windows/syswow64/propsys.dll	/opt/wine-staging/lib/wine/i386-windows/propsys.dll
/home/captvty/.wine/drive_c/windows/syswow64/msimtf.dll	/opt/wine-staging/lib/wine/i386-windows/msimtf.dll
/home/captvty/.wine/drive_c/windows/system32/ddrawex.dll	/opt/wine-staging/lib/wine/x86_64-windows/ddrawex.dll
/home/captvty/.wine/drive_c/windows/system32/softpub.dll	/opt/wine-staging/lib/wine/x86_64-windows/softpub.dll
/home/captvty/.wine/drive_c/windows/system32/d3dx9_28.dll	/opt/wine-staging/lib/wine/x86_64-windows/d3dx9_28.dll
/home/captvty/.wine/drive_c/windows/system32/windowscodecs.dll	/opt/wine-staging/lib/wine/x86_64-windows/windowscodecs.dll
/home/captvty/.wine/drive_c/windows/syswow64/wintab32.dll	/opt/wine-staging/lib/wine/i386-windows/wintab32.dll
/home/captvty/.wine/drive_c/windows/system32/msftedit.dll	/opt/wine-staging/lib/wine/x86_64-windows/msftedit.dll
/home/captvty/.wine/drive_c/windows/syswow64/pidgen.dll	/opt/wine-staging/lib/wine/i386-windows/pidgen.dll
/home/captvty/.wine/drive_c/windows/system32/taskmgr.exe	/opt/wine-staging/lib/wine/x86_64-windows/taskmgr.exe
/home/captvty/.wine/drive_c/windows/system32/c_10029.nls	/opt/wine-staging/share/wine/nls/c_10029.nls
/home/captvty/.wine/drive_c/windows/syswow64/c_10029.nls	/opt/wine-staging/share/wine/nls/c_10029.nls
/home/captvty/.wine/drive_c/windows/syswow64/gameux.dll	/opt/wine-staging/lib/wine/i386-windows/gameux.dll
/home/captvty/.wine/drive_c/windows/system32/msi.dll	/opt/wine-staging/lib/wine/x86_64-windows/msi.dll
/home/captvty/.wine/drive_c/windows/syswow64/msports.dll	/opt/wine-staging/lib/wine/i386-windows/msports.dll
/home/captvty/.wine/drive_c/windows/syswow64/bthprops.cpl	/opt/wine-staging/lib/wine/i386-windows/bthprops.cpl
/home/captvty/.wine/drive_c/windows/system32/esent.dll	/opt/wine-staging/lib/wine/x86_64-windows/esent.dll
/home/captvty/.wine/drive_c/windows/system32/drivers/winehid.sys	/opt/wine-staging/lib/wine/x86_64-windows/winehid.sys
/home/captvty/.wine/drive_c/windows/system32/dhtmled.ocx	/opt/wine-staging/lib/wine/x86_64-windows/dhtmled.ocx
/home/captvty/.wine/drive_c/windows/system32/d3d8thk.dll	/opt/wine-staging/lib/wine/x86_64-windows/d3d8thk.dll
/home/captvty/.wine/drive_c/windows/system32/unicows.dll	/opt/wine-staging/lib/wine/x86_64-windows/unicows.dll
/home/captvty/.wine/drive_c/windows/system32/olethk32.dll	/opt/wine-staging/lib/wine/x86_64-windows/olethk32.dll
/home/captvty/.wine/drive_c/windows/syswow64/shlwapi.dll	/opt/wine-staging/lib/wine/i386-windows/shlwapi.dll
/home/captvty/.wine/drive_c/windows/syswow64/softpub.dll	/opt/wine-staging/lib/wine/i386-windows/softpub.dll
/home/captvty/.wine/drive_c/windows/syswow64/d3dx9_31.dll	/opt/wine-staging/lib/wine/i386-windows/d3dx9_31.dll
/home/captvty/.wine/drive_c/windows/system32/msvproc.dll	/opt/wine-staging/lib/wine/x86_64-windows/msvproc.dll
/home/captvty/.wine/drive_c/windows/system32/ksproxy.ax	/opt/wine-staging/lib/wine/x86_64-windows/ksproxy.ax
/home/captvty/.wine/drive_c/windows/syswow64/directmanipulation.dll	/opt/wine-staging/lib/wine/i386-windows/directmanipulation.dll
/home/captvty/.wine/drive_c/Program Files (x86)/Common Files/System/OLE DB/msdasql.dll	/opt/wine-staging/lib/wine/i386-windows/msdasql.dll
/home/captvty/.wine/drive_c/windows/syswow64/regsvr32.exe	/opt/wine-staging/lib/wine/i386-windows/regsvr32.exe
/home/captvty/.wine/drive_c/windows/syswow64/winhlp32.exe	/opt/wine-staging/lib/wine/i386-windows/winhlp32.exe
/home/captvty/.wine/drive_c/windows/winhlp32.exe	/opt/wine-staging/lib/wine/i386-windows/winhlp32.exe
/home/captvty/.wine/drive_c/windows/system32/d3d12.dll	/opt/wine-staging/lib/wine/x86_64-windows/d3d12.dll
/home/captvty/.wine/drive_c/windows/syswow64/cacls.exe	/opt/wine-staging/lib/wine/i386-windows/cacls.exe
/home/captvty/.wine/drive_c/windows/syswow64/icinfo.exe	/opt/wine-staging/lib/wine/i386-windows/icinfo.exe
/home/captvty/.wine/drive_c/windows/system32/d3dcompiler_37.dll	/opt/wine-staging/lib/wine/x86_64-windows/d3dcompiler_37.dll
/home/captvty/.wine/drive_c/windows/system32/d3dx10_41.dll	/opt/wine-staging/lib/wine/x86_64-windows/d3dx10_41.dll
/home/captvty/.wine/drive_c/windows/syswow64/kernel32.dll	/opt/wine-staging/lib/wine/i386-windows/kernel32.dll
/home/captvty/.wine/drive_c/windows/system32/c_1252.nls	/opt/wine-staging/share/wine/nls/c_1252.nls
/home/captvty/.wine/drive_c/windows/syswow64/c_1252.nls	/opt/wine-staging/share/wine/nls/c_1252.nls
/home/captvty/.wine/drive_c/windows/system32/msimsg.dll	/opt/wine-staging/lib/wine/x86_64-windows/msimsg.dll
/home/captvty/.wine/drive_c/windows/system32/d3dx9_27.dll	/opt/wine-staging/lib/wine/x86_64-windows/d3dx9_27.dll
/home/captvty/.wine/drive_c/windows/syswow64/msvcp71.dll	/opt/wine-staging/lib/wine/i386-windows/msvcp71.dll
/home/captvty/.wine/drive_c/windows/system32/msxml6.dll	/opt/wine-staging/lib/wine/x86_64-windows/msxml6.dll
/home/captvty/.wine/drive_c/windows/winsxs/amd64_microsoft-windows-msxml60_31bf3856ad364e35_6.0.6000.16386_none_deadbeef/msxml6.dll	/opt/wine-staging/lib/wine/x86_64-windows/msxml6.dll
/home/captvty/.wine/drive_c/windows/system32/twaindsm.dll	/opt/wine-staging/lib/wine/x86_64-windows/twaindsm.dll
/home/captvty/.wine/drive_c/windows/syswow64/msctf.dll	/opt/wine-staging/lib/wine/i386-windows/msctf.dll
/home/captvty/.wine/drive_c/windows/syswow64/xactengine2_7.dll	/opt/wine-staging/lib/wine/i386-windows/xactengine2_7.dll
/home/captvty/.wine/drive_c/windows/syswow64/wnaspi32.dll	/opt/wine-staging/lib/wine/i386-windows/wnaspi32.dll
/home/captvty/.wine/drive_c/windows/system32/winmetadata/windows.system.winmd	/opt/wine-staging/share/wine/winmd/windows.system.winmd
/home/captvty/.wine/drive_c/windows/syswow64/winmetadata/windows.system.winmd	/opt/wine-staging/share/wine/winmd/windows.system.winmd
/home/captvty/.wine/drive_c/windows/system32/c_28592.nls	/opt/wine-staging/share/wine/nls/c_28592.nls
/home/captvty/.wine/drive_c/windows/syswow64/c_28592.nls	/opt/wine-staging/share/wine/nls/c_28592.nls
/home/captvty/.wine/drive_c/windows/syswow64/windows.gaming.input.dll	/opt/wine-staging/lib/wine/i386-windows/windows.gaming.input.dll
/home/captvty/.wine/drive_c/windows/system32/aclui.dll	/opt/wine-staging/lib/wine/x86_64-windows/aclui.dll
/home/captvty/.wine/drive_c/windows/syswow64/quartz.dll	/opt/wine-staging/lib/wine/i386-windows/quartz.dll
/home/captvty/.wine/drive_c/windows/system32/c_857.nls	/opt/wine-staging/share/wine/nls/c_857.nls
/home/captvty/.wine/drive_c/windows/syswow64/c_857.nls	/opt/wine-staging/share/wine/nls/c_857.nls
/home/captvty/.wine/drive_c/windows/syswow64/vssapi.dll	/opt/wine-staging/lib/wine/i386-windows/vssapi.dll
/home/captvty/.wine/drive_c/windows/system32/msvcrt40.dll	/opt/wine-staging/lib/wine/x86_64-windows/msvcrt40.dll
/home/captvty/.wine/drive_c/windows/syswow64/mciseq.dll	/opt/wine-staging/lib/wine/i386-windows/mciseq.dll
/home/captvty/.wine/drive_c/windows/system32/clusapi.dll	/opt/wine-staging/lib/wine/x86_64-windows/clusapi.dll
/home/captvty/.wine/drive_c/windows/system32/appxdeploymentclient.dll	/opt/wine-staging/lib/wine/x86_64-windows/appxdeploymentclient.dll
/home/captvty/.wine/drive_c/windows/system32/vcomp140.dll	/opt/wine-staging/lib/wine/x86_64-windows/vcomp140.dll
/home/captvty/.wine/drive_c/windows/system32/printui.dll	/opt/wine-staging/lib/wine/x86_64-windows/printui.dll
/home/captvty/.wine/drive_c/windows/system32/d3dx10_33.dll	/opt/wine-staging/lib/wine/x86_64-windows/d3dx10_33.dll
/home/captvty/.wine/drive_c/windows/system32/iphlpapi.dll	/opt/wine-staging/lib/wine/x86_64-windows/iphlpapi.dll
/home/captvty/.wine/drive_c/windows/syswow64/objsel.dll	/opt/wine-staging/lib/wine/i386-windows/objsel.dll
/home/captvty/.wine/drive_c/windows/syswow64/control.exe	/opt/wine-staging/lib/wine/i386-windows/control.exe
/home/captvty/.wine/drive_c/windows/system32/wmi.dll	/opt/wine-staging/lib/wine/x86_64-windows/wmi.dll
/home/captvty/.wine/drive_c/windows/system32/kernelbase.dll	/opt/wine-staging/lib/wine/x86_64-windows/kernelbase.dll
/home/captvty/.wine/drive_c/windows/syswow64/netstat.exe	/opt/wine-staging/lib/wine/i386-windows/netstat.exe
/home/captvty/.wine/drive_c/windows/system32/d3d10_1.dll	/opt/wine-staging/lib/wine/x86_64-windows/d3d10_1.dll
/home/captvty/.wine/drive_c/windows/syswow64/query.dll	/opt/wine-staging/lib/wine/i386-windows/query.dll
/home/captvty/.wine/drive_c/windows/system32/cryptui.dll	/opt/wine-staging/lib/wine/x86_64-windows/cryptui.dll
/home/captvty/.wine/drive_c/windows/system32/mlang.dll	/opt/wine-staging/lib/wine/x86_64-windows/mlang.dll
/home/captvty/.wine/drive_c/windows/syswow64/ncrypt.dll	/opt/wine-staging/lib/wine/i386-windows/ncrypt.dll
/home/captvty/.wine/drive_c/Program Files (x86)/Windows NT/Accessories/wordpad.exe	/opt/wine-staging/lib/wine/i386-windows/wordpad.exe
/home/captvty/.wine/drive_c/windows/system32/fc.exe	/opt/wine-staging/lib/wine/x86_64-windows/fc.exe
/home/captvty/.wine/drive_c/windows/syswow64/dx8vb.dll	/opt/wine-staging/lib/wine/i386-windows/dx8vb.dll
/home/captvty/.wine/drive_c/windows/system32/d3dx9_42.dll	/opt/wine-staging/lib/wine/x86_64-windows/d3dx9_42.dll
/home/captvty/.wine/drive_c/windows/system32/iccvid.dll	/opt/wine-staging/lib/wine/x86_64-windows/iccvid.dll
/home/captvty/.wine/drive_c/windows/syswow64/windows.devices.bluetooth.dll	/opt/wine-staging/lib/wine/i386-windows/windows.devices.bluetooth.dll
/home/captvty/.wine/drive_c/windows/syswow64/fltlib.dll	/opt/wine-staging/lib/wine/i386-windows/fltlib.dll
/home/captvty/.wine/drive_c/windows/system32/loadperf.dll	/opt/wine-staging/lib/wine/x86_64-windows/loadperf.dll
/home/captvty/.wine/drive_c/windows/hh.exe	/opt/wine-staging/lib/wine/x86_64-windows/hh.exe
/home/captvty/.wine/drive_c/windows/system32/vcomp120.dll	/opt/wine-staging/lib/wine/x86_64-windows/vcomp120.dll
/home/captvty/.wine/drive_c/windows/system32/dhcpcsvc6.dll	/opt/wine-staging/lib/wine/x86_64-windows/dhcpcsvc6.dll
/home/captvty/.wine/drive_c/windows/system32/mciseq.dll	/opt/wine-staging/lib/wine/x86_64-windows/mciseq.dll
/home/captvty/.wine/drive_c/windows/system32/normnfkd.nls	/opt/wine-staging/share/wine/nls/normnfkd.nls
/home/captvty/.wine/drive_c/windows/syswow64/normnfkd.nls	/opt/wine-staging/share/wine/nls/normnfkd.nls
/home/captvty/.wine/drive_c/windows/syswow64/clusapi.dll	/opt/wine-staging/lib/wine/i386-windows/clusapi.dll
/home/captvty/.wine/drive_c/windows/system32/msimg32.dll	/opt/wine-staging/lib/wine/x86_64-windows/msimg32.dll
/home/captvty/.wine/drive_c/windows/syswow64/mssip32.dll	/opt/wine-staging/lib/wine/i386-windows/mssip32.dll
/home/captvty/.wine/drive_c/windows/syswow64/dmusic32.dll	/opt/wine-staging/lib/wine/i386-windows/dmusic32.dll
/home/captvty/.wine/drive_c/windows/syswow64/wlanapi.dll	/opt/wine-staging/lib/wine/i386-windows/wlanapi.dll
/home/captvty/.wine/drive_c/windows/system32/vcruntime140.dll	/opt/wine-staging/lib/wine/x86_64-windows/vcruntime140.dll
/home/captvty/.wine/drive_c/windows/syswow64/rasapi32.dll	/opt/wine-staging/lib/wine/i386-windows/rasapi32.dll
/home/captvty/.wine/drive_c/windows/system32/view.exe	/opt/wine-staging/lib/wine/x86_64-windows/view.exe
/home/captvty/.wine/drive_c/windows/syswow64/rpcrt4.dll	/opt/wine-staging/lib/wine/i386-windows/rpcrt4.dll
/home/captvty/.wine/drive_c/windows/system32/timeout.exe	/opt/wine-staging/lib/wine/x86_64-windows/timeout.exe
/home/captvty/.wine/drive_c/windows/syswow64/msvcrt.dll	/opt/wine-staging/lib/wine/i386-windows/msvcrt.dll
/home/captvty/.wine/drive_c/windows/system32/msvidc32.dll	/opt/wine-staging/lib/wine/x86_64-windows/msvidc32.dll
/home/captvty/.wine/drive_c/windows/system32/ndfapi.dll	/opt/wine-staging/lib/wine/x86_64-windows/ndfapi.dll
/home/captvty/.wine/drive_c/windows/syswow64/sechost.dll	/opt/wine-staging/lib/wine/i386-windows/sechost.dll
/home/captvty/.wine/drive_c/windows/system32/fsutil.exe	/opt/wine-staging/lib/wine/x86_64-windows/fsutil.exe
/home/captvty/.wine/drive_c/windows/system32/wsock32.dll	/opt/wine-staging/lib/wine/x86_64-windows/wsock32.dll
/home/captvty/.wine/drive_c/windows/system32/xactengine3_2.dll	/opt/wine-staging/lib/wine/x86_64-windows/xactengine3_2.dll
/home/captvty/.wine/drive_c/windows/syswow64/wmasf.dll	/opt/wine-staging/lib/wine/i386-windows/wmasf.dll
/home/captvty/.wine/drive_c/windows/syswow64/snmpapi.dll	/opt/wine-staging/lib/wine/i386-windows/snmpapi.dll
/home/captvty/.wine/drive_c/windows/syswow64/d3dx9_35.dll	/opt/wine-staging/lib/wine/i386-windows/d3dx9_35.dll
/home/captvty/.wine/drive_c/windows/syswow64/msacm32.drv	/opt/wine-staging/lib/wine/i386-windows/msacm32.drv
/home/captvty/.wine/drive_c/windows/syswow64/atl100.dll	/opt/wine-staging/lib/wine/i386-windows/atl100.dll
/home/captvty/.wine/drive_c/windows/system32/secur32.dll	/opt/wine-staging/lib/wine/x86_64-windows/secur32.dll
/home/captvty/.wine/drive_c/windows/system32/d3d12core.dll	/opt/wine-staging/lib/wine/x86_64-windows/d3d12core.dll
/home/captvty/.wine/drive_c/windows/system32/windows.networking.connectivity.dll	/opt/wine-staging/lib/wine/x86_64-windows/windows.networking.connectivity.dll
/home/captvty/.wine/drive_c/windows/system32/c_28597.nls	/opt/wine-staging/share/wine/nls/c_28597.nls
/home/captvty/.wine/drive_c/windows/syswow64/c_28597.nls	/opt/wine-staging/share/wine/nls/c_28597.nls
/home/captvty/.wine/drive_c/windows/system32/xaudio2_1.dll	/opt/wine-staging/lib/wine/x86_64-windows/xaudio2_1.dll
/home/captvty/.wine/drive_c/windows/syswow64/msdmo.dll	/opt/wine-staging/lib/wine/i386-windows/msdmo.dll
/home/captvty/.wine/drive_c/windows/system32/qdvd.dll	/opt/wine-staging/lib/wine/x86_64-windows/qdvd.dll
/home/captvty/.wine/drive_c/windows/system32/dxcore.dll	/opt/wine-staging/lib/wine/x86_64-windows/dxcore.dll
/home/captvty/.wine/drive_c/windows/system32/windows.networking.hostname.dll	/opt/wine-staging/lib/wine/x86_64-windows/windows.networking.hostname.dll
/home/captvty/.wine/drive_c/windows/syswow64/sfc_os.dll	/opt/wine-staging/lib/wine/i386-windows/sfc_os.dll
/home/captvty/.wine/drive_c/windows/system32/drivers/ksecdd.sys	/opt/wine-staging/lib/wine/x86_64-windows/ksecdd.sys
/home/captvty/.wine/drive_c/windows/system32/activeds.tlb	/opt/wine-staging/lib/wine/x86_64-windows/activeds.tlb
/home/captvty/.wine/drive_c/windows/syswow64/mgmtapi.dll	/opt/wine-staging/lib/wine/i386-windows/mgmtapi.dll
/home/captvty/.wine/drive_c/windows/syswow64/msvcr90.dll	/opt/wine-staging/lib/wine/i386-windows/msvcr90.dll
/home/captvty/.wine/drive_c/windows/winsxs/x86_microsoft.vc90.crt_1fc8b3b9a1e18e3b_9.0.30729.6161_none_deadbeef/msvcr90.dll	/opt/wine-staging/lib/wine/i386-windows/msvcr90.dll
/home/captvty/.wine/drive_c/windows/system32/normnfc.nls	/opt/wine-staging/share/wine/nls/normnfc.nls
/home/captvty/.wine/drive_c/windows/syswow64/normnfc.nls	/opt/wine-staging/share/wine/nls/normnfc.nls
/home/captvty/.wine/drive_c/windows/system32/msvcp120.dll	/opt/wine-staging/lib/wine/x86_64-windows/msvcp120.dll
/home/captvty/.wine/drive_c/Program Files/Common Files/System/OLE DB/oledb32.dll	/opt/wine-staging/lib/wine/x86_64-windows/oledb32.dll
/home/captvty/.wine/drive_c/windows/syswow64/l3codecx.ax	/opt/wine-staging/lib/wine/i386-windows/l3codecx.ax
/home/captvty/.wine/drive_c/windows/syswow64/msvcp90.dll	/opt/wine-staging/lib/wine/i386-windows/msvcp90.dll
/home/captvty/.wine/drive_c/windows/winsxs/x86_microsoft.vc90.crt_1fc8b3b9a1e18e3b_9.0.30729.6161_none_deadbeef/msvcp90.dll	/opt/wine-staging/lib/wine/i386-windows/msvcp90.dll
/home/captvty/.wine/drive_c/windows/syswow64/dciman32.dll	/opt/wine-staging/lib/wine/i386-windows/dciman32.dll
/home/captvty/.wine/drive_c/windows/system32/version.dll	/opt/wine-staging/lib/wine/x86_64-windows/version.dll
/home/captvty/.wine/drive_c/windows/system32/dplaysvr.exe	/opt/wine-staging/lib/wine/x86_64-windows/dplaysvr.exe
/home/captvty/.wine/drive_c/windows/syswow64/windows.media.devices.dll	/opt/wine-staging/lib/wine/i386-windows/windows.media.devices.dll
/home/captvty/.wine/drive_c/windows/system32/dpnsvr.exe	/opt/wine-staging/lib/wine/x86_64-windows/dpnsvr.exe
/home/captvty/.wine/drive_c/windows/system32/netprofm.dll	/opt/wine-staging/lib/wine/x86_64-windows/netprofm.dll
/home/captvty/.wine/drive_c/windows/system32/wtsapi32.dll	/opt/wine-staging/lib/wine/x86_64-windows/wtsapi32.dll
/home/captvty/.wine/drive_c/windows/syswow64/msvcp120_app.dll	/opt/wine-staging/lib/wine/i386-windows/msvcp120_app.dll
/home/captvty/.wine/drive_c/windows/syswow64/tzres.dll	/opt/wine-staging/lib/wine/i386-windows/tzres.dll
/home/captvty/.wine/drive_c/windows/syswow64/amsi.dll	/opt/wine-staging/lib/wine/i386-windows/amsi.dll
/home/captvty/.wine/drive_c/windows/syswow64/dxgi.dll	/opt/wine-staging/lib/wine/i386-windows/dxgi.dll
/home/captvty/.wine/drive_c/windows/syswow64/msisip.dll	/opt/wine-staging/lib/wine/i386-windows/msisip.dll
/home/captvty/.wine/drive_c/windows/system32/windows.system.profile.systemid.dll	/opt/wine-staging/lib/wine/x86_64-windows/windows.system.profile.systemid.dll
/home/captvty/.wine/drive_c/Program Files (x86)/Common Files/Microsoft Shared/Ink/rtscom.dll	/opt/wine-staging/lib/wine/i386-windows/rtscom.dll
/home/captvty/.wine/drive_c/windows/syswow64/monodebg.vxd	/opt/wine-staging/lib/wine/i386-windows/monodebg.vxd
/home/captvty/.wine/drive_c/windows/system32/wbem/wbemdisp.dll	/opt/wine-staging/lib/wine/x86_64-windows/wbemdisp.dll
/home/captvty/.wine/drive_c/windows/system32/riched20.dll	/opt/wine-staging/lib/wine/x86_64-windows/riched20.dll
/home/captvty/.wine/drive_c/windows/syswow64/d3dx10_42.dll	/opt/wine-staging/lib/wine/i386-windows/d3dx10_42.dll
/home/captvty/.wine/drive_c/windows/system32/mscat32.dll	/opt/wine-staging/lib/wine/x86_64-windows/mscat32.dll
/home/captvty/.wine/drive_c/windows/system32/scrobj.dll	/opt/wine-staging/lib/wine/x86_64-windows/scrobj.dll
/home/captvty/.wine/drive_c/windows/system32/c_932.nls	/opt/wine-staging/share/wine/nls/c_932.nls
/home/captvty/.wine/drive_c/windows/syswow64/c_932.nls	/opt/wine-staging/share/wine/nls/c_932.nls
/home/captvty/.wine/drive_c/windows/syswow64/d3dx9_36.dll	/opt/wine-staging/lib/wine/i386-windows/d3dx9_36.dll
/home/captvty/.wine/drive_c/windows/syswow64/dmscript.dll	/opt/wine-staging/lib/wine/i386-windows/dmscript.dll
/home/captvty/.wine/drive_c/windows/syswow64/cryptext.dll	/opt/wine-staging/lib/wine/i386-windows/cryptext.dll
/home/captvty/.wine/drive_c/windows/system32/profapi.dll	/opt/wine-staging/lib/wine/x86_64-windows/profapi.dll
/home/captvty/.wine/drive_c/windows/system32/xapofx1_3.dll	/opt/wine-staging/lib/wine/x86_64-windows/xapofx1_3.dll
/home/captvty/.wine/drive_c/windows/system32/x3daudio1_6.dll	/opt/wine-staging/lib/wine/x86_64-windows/x3daudio1_6.dll
/home/captvty/.wine/drive_c/windows/system32/d3dcompiler_42.dll	/opt/wine-staging/lib/wine/x86_64-windows/d3dcompiler_42.dll
/home/captvty/.wine/drive_c/windows/syswow64/dinput.dll	/opt/wine-staging/lib/wine/i386-windows/dinput.dll
/home/captvty/.wine/drive_c/windows/syswow64/rtworkq.dll	/opt/wine-staging/lib/wine/i386-windows/rtworkq.dll
/home/captvty/.wine/drive_c/windows/syswow64/mmcndmgr.dll	/opt/wine-staging/lib/wine/i386-windows/mmcndmgr.dll
/home/captvty/.wine/drive_c/windows/syswow64/extrac32.exe	/opt/wine-staging/lib/wine/i386-windows/extrac32.exe
/home/captvty/.wine/drive_c/windows/syswow64/icu.dll	/opt/wine-staging/lib/wine/i386-windows/icu.dll
/home/captvty/.wine/drive_c/windows/syswow64/iertutil.dll	/opt/wine-staging/lib/wine/i386-windows/iertutil.dll
/home/captvty/.wine/drive_c/windows/syswow64/vidreszr.dll	/opt/wine-staging/lib/wine/i386-windows/vidreszr.dll
/home/captvty/.wine/drive_c/windows/system32/msgsm32.acm	/opt/wine-staging/lib/wine/x86_64-windows/msgsm32.acm
/home/captvty/.wine/drive_c/windows/system32/wshom.ocx	/opt/wine-staging/lib/wine/x86_64-windows/wshom.ocx
/home/captvty/.wine/drive_c/windows/system32/wuauserv.exe	/opt/wine-staging/lib/wine/x86_64-windows/wuauserv.exe
/home/captvty/.wine/drive_c/windows/syswow64/apisetschema.dll	/opt/wine-staging/lib/wine/i386-windows/apisetschema.dll
/home/captvty/.wine/drive_c/windows/system32/msrle32.dll	/opt/wine-staging/lib/wine/x86_64-windows/msrle32.dll
/home/captvty/.wine/drive_c/windows/system32/twinapi.appcore.dll	/opt/wine-staging/lib/wine/x86_64-windows/twinapi.appcore.dll
/home/captvty/.wine/drive_c/windows/syswow64/cabarc.exe	/opt/wine-staging/lib/wine/i386-windows/cabarc.exe
/home/captvty/.wine/drive_c/windows/system32/mciwave.dll	/opt/wine-staging/lib/wine/x86_64-windows/mciwave.dll
/home/captvty/.wine/drive_c/Program Files/Common Files/Microsoft Shared/Ink/inkobj.dll	/opt/wine-staging/lib/wine/x86_64-windows/inkobj.dll
/home/captvty/.wine/drive_c/windows/system32/msiexec.exe	/opt/wine-staging/lib/wine/x86_64-windows/msiexec.exe
/home/captvty/.wine/drive_c/windows/system32/c_1255.nls	/opt/wine-staging/share/wine/nls/c_1255.nls
/home/captvty/.wine/drive_c/windows/syswow64/c_1255.nls	/opt/wine-staging/share/wine/nls/c_1255.nls
/home/captvty/.wine/drive_c/windows/system32/sfc_os.dll	/opt/wine-staging/lib/wine/x86_64-windows/sfc_os.dll
/home/captvty/.wine/drive_c/windows/system32/c_863.nls	/opt/wine-staging/share/wine/nls/c_863.nls
/home/captvty/.wine/drive_c/windows/syswow64/c_863.nls	/opt/wine-staging/share/wine/nls/c_863.nls
/home/captvty/.wine/drive_c/windows/system32/msxml2.dll	/opt/wine-staging/lib/wine/x86_64-windows/msxml2.dll
/home/captvty/.wine/drive_c/windows/system32/icu.dll	/opt/wine-staging/lib/wine/x86_64-windows/icu.dll
/home/captvty/.wine/drive_c/windows/system32/iertutil.dll	/opt/wine-staging/lib/wine/x86_64-windows/iertutil.dll
/home/captvty/.wine/drive_c/windows/syswow64/shdocvw.dll	/opt/wine-staging/lib/wine/i386-windows/shdocvw.dll
/home/captvty/.wine/drive_c/windows/syswow64/winsta.dll	/opt/wine-staging/lib/wine/i386-windows/winsta.dll
/home/captvty/.wine/drive_c/windows/system32/msasn1.dll	/opt/wine-staging/lib/wine/x86_64-windows/msasn1.dll
/home/captvty/.wine/drive_c/windows/syswow64/odbcad32.exe	/opt/wine-staging/lib/wine/i386-windows/odbcad32.exe
/home/captvty/.wine/drive_c/windows/syswow64/x3daudio1_4.dll	/opt/wine-staging/lib/wine/i386-windows/x3daudio1_4.dll
/home/captvty/.wine/drive_c/windows/system32/msvcr120_app.dll	/opt/wine-staging/lib/wine/x86_64-windows/msvcr120_app.dll
/home/captvty/.wine/drive_c/windows/system32/c_866.nls	/opt/wine-staging/share/wine/nls/c_866.nls
/home/captvty/.wine/drive_c/windows/syswow64/c_866.nls	/opt/wine-staging/share/wine/nls/c_866.nls
/home/captvty/.wine/drive_c/windows/system32/c_28603.nls	/opt/wine-staging/share/wine/nls/c_28603.nls
/home/captvty/.wine/drive_c/windows/syswow64/c_28603.nls	/opt/wine-staging/share/wine/nls/c_28603.nls
/home/captvty/.wine/drive_c/windows/system32/setx.exe	/opt/wine-staging/lib/wine/x86_64-windows/setx.exe
/home/captvty/.wine/drive_c/windows/system32/wbem/wmic.exe	/opt/wine-staging/lib/wine/x86_64-windows/wmic.exe
/home/captvty/.wine/drive_c/windows/syswow64/mssign32.dll	/opt/wine-staging/lib/wine/i386-windows/mssign32.dll
/home/captvty/.wine/drive_c/windows/syswow64/uxtheme.dll	/opt/wine-staging/lib/wine/i386-windows/uxtheme.dll
/home/captvty/.wine/drive_c/windows/system32/shcore.dll	/opt/wine-staging/lib/wine/x86_64-windows/shcore.dll
/home/captvty/.wine/drive_c/windows/syswow64/vcomp90.dll	/opt/wine-staging/lib/wine/i386-windows/vcomp90.dll
/home/captvty/.wine/drive_c/windows/syswow64/msxml2.dll	/opt/wine-staging/lib/wine/i386-windows/msxml2.dll
/home/captvty/.wine/drive_c/windows/syswow64/d3dx9_33.dll	/opt/wine-staging/lib/wine/i386-windows/d3dx9_33.dll
/home/captvty/.wine/drive_c/windows/system32/regsvr32.exe	/opt/wine-staging/lib/wine/x86_64-windows/regsvr32.exe
/home/captvty/.wine/drive_c/windows/system32/opengl32.dll	/opt/wine-staging/lib/wine/x86_64-windows/opengl32.dll
/home/captvty/.wine/drive_c/windows/system32/c_10003.nls	/opt/wine-staging/share/wine/nls/c_10003.nls
/home/captvty/.wine/drive_c/windows/syswow64/c_10003.nls	/opt/wine-staging/share/wine/nls/c_10003.nls
/home/captvty/.wine/drive_c/windows/syswow64/d3d9.dll	/opt/wine-staging/lib/wine/i386-windows/d3d9.dll
/home/captvty/.wine/drive_c/windows/syswow64/windows.security.credentials.ui.userconsentverifier.dll	/opt/wine-staging/lib/wine/i386-windows/windows.security.credentials.ui.userconsentverifier.dll
/home/captvty/.wine/drive_c/windows/system32/dmstyle.dll	/opt/wine-staging/lib/wine/x86_64-windows/dmstyle.dll
/home/captvty/.wine/drive_c/windows/syswow64/dwrite.dll	/opt/wine-staging/lib/wine/i386-windows/dwrite.dll
/home/captvty/.wine/drive_c/windows/system32/bluetoothapis.dll	/opt/wine-staging/lib/wine/x86_64-windows/bluetoothapis.dll
/home/captvty/.wine/drive_c/windows/syswow64/d3dim.dll	/opt/wine-staging/lib/wine/i386-windows/d3dim.dll
/home/captvty/.wine/drive_c/windows/system32/bthprops.cpl	/opt/wine-staging/lib/wine/x86_64-windows/bthprops.cpl
/home/captvty/.wine/drive_c/windows/syswow64/windows.media.playback.mediaplayer.dll	/opt/wine-staging/lib/wine/i386-windows/windows.media.playback.mediaplayer.dll
/home/captvty/.wine/drive_c/windows/syswow64/dpnet.dll	/opt/wine-staging/lib/wine/i386-windows/dpnet.dll
/home/captvty/.wine/drive_c/windows/system32/d3dx9_38.dll	/opt/wine-staging/lib/wine/x86_64-windows/d3dx9_38.dll
/home/captvty/.wine/drive_c/windows/system32/msdelta.dll	/opt/wine-staging/lib/wine/x86_64-windows/msdelta.dll
/home/captvty/.wine/drive_c/windows/syswow64/xpsprint.dll	/opt/wine-staging/lib/wine/i386-windows/xpsprint.dll
/home/captvty/.wine/drive_c/windows/syswow64/x3daudio1_2.dll	/opt/wine-staging/lib/wine/i386-windows/x3daudio1_2.dll
/home/captvty/.wine/drive_c/Program Files/Windows Media Player/wmplayer.exe	/opt/wine-staging/lib/wine/x86_64-windows/wmplayer.exe
/home/captvty/.wine/drive_c/windows/system32/newdev.dll	/opt/wine-staging/lib/wine/x86_64-windows/newdev.dll
/home/captvty/.wine/drive_c/windows/syswow64/midimap.dll	/opt/wine-staging/lib/wine/i386-windows/midimap.dll
/home/captvty/.wine/drive_c/windows/syswow64/hid.dll	/opt/wine-staging/lib/wine/i386-windows/hid.dll
/home/captvty/.wine/drive_c/windows/system32/cryptowinrt.dll	/opt/wine-staging/lib/wine/x86_64-windows/cryptowinrt.dll
/home/captvty/.wine/drive_c/windows/system32/vulkan-1.dll	/opt/wine-staging/lib/wine/x86_64-windows/vulkan-1.dll
/home/captvty/.wine/drive_c/windows/syswow64/klist.exe	/opt/wine-staging/lib/wine/i386-windows/klist.exe
/home/captvty/.wine/drive_c/windows/system32/msdrm.dll	/opt/wine-staging/lib/wine/x86_64-windows/msdrm.dll
/home/captvty/.wine/drive_c/windows/system32/d3dx10_34.dll	/opt/wine-staging/lib/wine/x86_64-windows/d3dx10_34.dll
/home/captvty/.wine/drive_c/windows/syswow64/msvcp140_2.dll	/opt/wine-staging/lib/wine/i386-windows/msvcp140_2.dll
/home/captvty/.wine/drive_c/windows/system32/normidna.nls	/opt/wine-staging/share/wine/nls/normidna.nls
/home/captvty/.wine/drive_c/windows/syswow64/normidna.nls	/opt/wine-staging/share/wine/nls/normidna.nls
/home/captvty/.wine/drive_c/windows/system32/dxtrans.dll	/opt/wine-staging/lib/wine/x86_64-windows/dxtrans.dll
/home/captvty/.wine/drive_c/windows/system32/c_775.nls	/opt/wine-staging/share/wine/nls/c_775.nls
/home/captvty/.wine/drive_c/windows/syswow64/c_775.nls	/opt/wine-staging/share/wine/nls/c_775.nls
/home/captvty/.wine/drive_c/windows/syswow64/d3dcompiler_40.dll	/opt/wine-staging/lib/wine/i386-windows/d3dcompiler_40.dll
/home/captvty/.wine/drive_c/windows/system32/mprapi.dll	/opt/wine-staging/lib/wine/x86_64-windows/mprapi.dll
/home/captvty/.wine/drive_c/windows/system32/xolehlp.dll	/opt/wine-staging/lib/wine/x86_64-windows/xolehlp.dll
/home/captvty/.wine/drive_c/windows/system32/d3dx9_35.dll	/opt/wine-staging/lib/wine/x86_64-windows/d3dx9_35.dll
/home/captvty/.wine/drive_c/windows/system32/dxdiag.exe	/opt/wine-staging/lib/wine/x86_64-windows/dxdiag.exe
/home/captvty/.wine/drive_c/windows/system32/dmusic.dll	/opt/wine-staging/lib/wine/x86_64-windows/dmusic.dll
/home/captvty/.wine/drive_c/windows/system32/d3dcompiler_34.dll	/opt/wine-staging/lib/wine/x86_64-windows/d3dcompiler_34.dll
/home/captvty/.wine/drive_c/windows/system32/odbccu32.dll	/opt/wine-staging/lib/wine/x86_64-windows/odbccu32.dll
/home/captvty/.wine/drive_c/windows/syswow64/netutils.dll	/opt/wine-staging/lib/wine/i386-windows/netutils.dll
/home/captvty/.wine/drive_c/windows/syswow64/atmlib.dll	/opt/wine-staging/lib/wine/i386-windows/atmlib.dll
/home/captvty/.wine/drive_c/windows/syswow64/xcopy.exe	/opt/wine-staging/lib/wine/i386-windows/xcopy.exe
/home/captvty/.wine/drive_c/windows/syswow64/spoolss.dll	/opt/wine-staging/lib/wine/i386-windows/spoolss.dll
/home/captvty/.wine/drive_c/windows/system32/davclnt.dll	/opt/wine-staging/lib/wine/x86_64-windows/davclnt.dll
/home/captvty/.wine/drive_c/windows/system32/c_10007.nls	/opt/wine-staging/share/wine/nls/c_10007.nls
/home/captvty/.wine/drive_c/windows/syswow64/c_10007.nls	/opt/wine-staging/share/wine/nls/c_10007.nls
/home/captvty/.wine/drive_c/windows/system32/drivers/winexinput.sys	/opt/wine-staging/lib/wine/x86_64-windows/winexinput.sys
/home/captvty/.wine/drive_c/windows/syswow64/tdh.dll	/opt/wine-staging/lib/wine/i386-windows/tdh.dll
/home/captvty/.wine/drive_c/windows/system32/ws2_32.dll	/opt/wine-staging/lib/wine/x86_64-windows/ws2_32.dll
/home/captvty/.wine/drive_c/windows/system32/cards.dll	/opt/wine-staging/lib/wine/x86_64-windows/cards.dll
/home/captvty/.wine/drive_c/windows/syswow64/iphlpapi.dll	/opt/wine-staging/lib/wine/i386-windows/iphlpapi.dll
/home/captvty/.wine/drive_c/windows/system32/wlanui.dll	/opt/wine-staging/lib/wine/x86_64-windows/wlanui.dll
/home/captvty/.wine/drive_c/windows/system32/drivers/dxgkrnl.sys	/opt/wine-staging/lib/wine/x86_64-windows/dxgkrnl.sys
/home/captvty/.wine/drive_c/windows/syswow64/odbcbcp.dll	/opt/wine-staging/lib/wine/i386-windows/odbcbcp.dll
/home/captvty/.wine/drive_c/windows/syswow64/d3dcompiler_37.dll	/opt/wine-staging/lib/wine/i386-windows/d3dcompiler_37.dll
/home/captvty/.wine/drive_c/windows/system32/mssip32.dll	/opt/wine-staging/lib/wine/x86_64-windows/mssip32.dll
/home/captvty/.wine/drive_c/windows/syswow64/x3daudio1_3.dll	/opt/wine-staging/lib/wine/i386-windows/x3daudio1_3.dll
/home/captvty/.wine/drive_c/windows/syswow64/msvcp140_1.dll	/opt/wine-staging/lib/wine/i386-windows/msvcp140_1.dll
/home/captvty/.wine/drive_c/windows/system32/d3dx10_38.dll	/opt/wine-staging/lib/wine/x86_64-windows/d3dx10_38.dll
/home/captvty/.wine/drive_c/windows/system32/dpvoice.dll	/opt/wine-staging/lib/wine/x86_64-windows/dpvoice.dll
/home/captvty/.wine/drive_c/windows/system32/d3dx10_36.dll	/opt/wine-staging/lib/wine/x86_64-windows/d3dx10_36.dll
/home/captvty/.wine/drive_c/windows/syswow64/atl.dll	/opt/wine-staging/lib/wine/i386-windows/atl.dll
/home/captvty/.wine/drive_c/windows/syswow64/msvfw32.dll	/opt/wine-staging/lib/wine/i386-windows/msvfw32.dll
/home/captvty/.wine/drive_c/windows/syswow64/wsock32.dll	/opt/wine-staging/lib/wine/i386-windows/wsock32.dll
/home/captvty/.wine/drive_c/windows/syswow64/rasdlg.dll	/opt/wine-staging/lib/wine/i386-windows/rasdlg.dll
/home/captvty/.wine/drive_c/windows/syswow64/msxml3.dll	/opt/wine-staging/lib/wine/i386-windows/msxml3.dll
/home/captvty/.wine/drive_c/windows/winsxs/x86_microsoft-windows-msxml30_31bf3856ad364e35_6.0.6000.16386_none_deadbeef/msxml3.dll	/opt/wine-staging/lib/wine/i386-windows/msxml3.dll
/home/captvty/.wine/drive_c/windows/syswow64/security.dll	/opt/wine-staging/lib/wine/i386-windows/security.dll
/home/captvty/.wine/drive_c/windows/syswow64/xapofx1_5.dll	/opt/wine-staging/lib/wine/i386-windows/xapofx1_5.dll
/home/captvty/.wine/drive_c/windows/system32/dbgeng.dll	/opt/wine-staging/lib/wine/x86_64-windows/dbgeng.dll
/home/captvty/.wine/drive_c/windows/syswow64/jscript.dll	/opt/wine-staging/lib/wine/i386-windows/jscript.dll
/home/captvty/.wine/drive_c/windows/winsxs/x86_microsoft.windows.common-controls_6595b64144ccf1df_6.0.2600.2982_none_deadbeef/comctl32.dll	/opt/wine-staging/lib/wine/i386-windows/comctl32_v6.dll
/home/captvty/.wine/drive_c/windows/system32/c_708.nls	/opt/wine-staging/share/wine/nls/c_708.nls
/home/captvty/.wine/drive_c/windows/syswow64/c_708.nls	/opt/wine-staging/share/wine/nls/c_708.nls
/home/captvty/.wine/drive_c/windows/syswow64/xaudio2_7.dll	/opt/wine-staging/lib/wine/i386-windows/xaudio2_7.dll
/home/captvty/.wine/drive_c/windows/syswow64/attrib.exe	/opt/wine-staging/lib/wine/i386-windows/attrib.exe
/home/captvty/.wine/drive_c/windows/syswow64/x3daudio1_1.dll	/opt/wine-staging/lib/wine/i386-windows/x3daudio1_1.dll
/home/captvty/.wine/drive_c/windows/syswow64/vbscript.dll	/opt/wine-staging/lib/wine/i386-windows/vbscript.dll
/home/captvty/.wine/drive_c/windows/syswow64/winedmo.dll	/opt/wine-staging/lib/wine/i386-windows/winedmo.dll
/home/captvty/.wine/drive_c/windows/syswow64/d3dx9_30.dll	/opt/wine-staging/lib/wine/i386-windows/d3dx9_30.dll
/home/captvty/.wine/drive_c/windows/system32/dism.exe	/opt/wine-staging/lib/wine/x86_64-windows/dism.exe
/home/captvty/.wine/drive_c/windows/syswow64/windows.globalization.dll	/opt/wine-staging/lib/wine/i386-windows/windows.globalization.dll
/home/captvty/.wine/drive_c/windows/syswow64/msiexec.exe	/opt/wine-staging/lib/wine/i386-windows/msiexec.exe
/home/captvty/.wine/drive_c/windows/system32/schedsvc.dll	/opt/wine-staging/lib/wine/x86_64-windows/schedsvc.dll
/home/captvty/.wine/drive_c/windows/syswow64/winbrand.dll	/opt/wine-staging/lib/wine/i386-windows/winbrand.dll
/home/captvty/.wine/drive_c/windows/syswow64/dxtrans.dll	/opt/wine-staging/lib/wine/i386-windows/dxtrans.dll
/home/captvty/.wine/drive_c/windows/syswow64/d3d12.dll	/opt/wine-staging/lib/wine/i386-windows/d3d12.dll
/home/captvty/.wine/drive_c/windows/system32/atlthunk.dll	/opt/wine-staging/lib/wine/x86_64-windows/atlthunk.dll
/home/captvty/.wine/drive_c/windows/system32/cabinet.dll	/opt/wine-staging/lib/wine/x86_64-windows/cabinet.dll
/home/captvty/.wine/drive_c/windows/system32/winex11.drv	/opt/wine-staging/lib/wine/x86_64-windows/winex11.drv
/home/captvty/.wine/drive_c/windows/system32/gdiplus.dll	/opt/wine-staging/lib/wine/x86_64-windows/gdiplus.dll
/home/captvty/.wine/drive_c/windows/winsxs/amd64_microsoft.windows.gdiplus_6595b64144ccf1df_1.0.6000.16386_none_deadbeef/gdiplus.dll	/opt/wine-staging/lib/wine/x86_64-windows/gdiplus.dll
/home/captvty/.wine/drive_c/windows/winsxs/amd64_microsoft.windows.gdiplus_6595b64144ccf1df_1.1.7601.23038_none_deadbeef/gdiplus.dll	/opt/wine-staging/lib/wine/x86_64-windows/gdiplus.dll
/home/captvty/.wine/drive_c/windows/system32/atl.dll	/opt/wine-staging/lib/wine/x86_64-windows/atl.dll
/home/captvty/.wine/drive_c/windows/syswow64/xinput1_1.dll	/opt/wine-staging/lib/wine/i386-windows/xinput1_1.dll
/home/captvty/.wine/drive_c/windows/system32/mshtml.tlb	/opt/wine-staging/lib/wine/x86_64-windows/mshtml.tlb
/home/captvty/.wine/drive_c/windows/syswow64/httpapi.dll	/opt/wine-staging/lib/wine/i386-windows/httpapi.dll
/home/captvty/.wine/drive_c/windows/syswow64/mf3216.dll	/opt/wine-staging/lib/wine/i386-windows/mf3216.dll
/home/captvty/.wine/drive_c/windows/syswow64/dmstyle.dll	/opt/wine-staging/lib/wine/i386-windows/dmstyle.dll
/home/captvty/.wine/drive_c/windows/syswow64/d3dcompiler_35.dll	/opt/wine-staging/lib/wine/i386-windows/d3dcompiler_35.dll
/home/captvty/.wine/drive_c/windows/system32/dmscript.dll	/opt/wine-staging/lib/wine/x86_64-windows/dmscript.dll
/home/captvty/.wine/drive_c/windows/system32/crtdll.dll	/opt/wine-staging/lib/wine/x86_64-windows/crtdll.dll
/home/captvty/.wine/drive_c/windows/syswow64/rsaenh.dll	/opt/wine-staging/lib/wine/i386-windows/rsaenh.dll
/home/captvty/.wine/drive_c/windows/system32/apphelp.dll	/opt/wine-staging/lib/wine/x86_64-windows/apphelp.dll
/home/captvty/.wine/drive_c/windows/syswow64/windows.media.dll	/opt/wine-staging/lib/wine/i386-windows/windows.media.dll
/home/captvty/.wine/drive_c/windows/system32/ucrtbase.dll	/opt/wine-staging/lib/wine/x86_64-windows/ucrtbase.dll
/home/captvty/.wine/drive_c/windows/system32/drivers/ndis.sys	/opt/wine-staging/lib/wine/x86_64-windows/ndis.sys
/home/captvty/.wine/drive_c/windows/syswow64/d3dcompiler_46.dll	/opt/wine-staging/lib/wine/i386-windows/d3dcompiler_46.dll
/home/captvty/.wine/drive_c/windows/syswow64/cldapi.dll	/opt/wine-staging/lib/wine/i386-windows/cldapi.dll
/home/captvty/.wine/drive_c/windows/syswow64/where.exe	/opt/wine-staging/lib/wine/i386-windows/where.exe
/home/captvty/.wine/drive_c/windows/system32/windows.web.dll	/opt/wine-staging/lib/wine/x86_64-windows/windows.web.dll
/home/captvty/.wine/drive_c/windows/syswow64/ifsmgr.vxd	/opt/wine-staging/lib/wine/i386-windows/ifsmgr.vxd
/home/captvty/.wine/drive_c/windows/syswow64/subst.exe	/opt/wine-staging/lib/wine/i386-windows/subst.exe
/home/captvty/.wine/drive_c/windows/system32/uiribbon.dll	/opt/wine-staging/lib/wine/x86_64-windows/uiribbon.dll
/home/captvty/.wine/drive_c/windows/syswow64/windows.devices.usb.dll	/opt/wine-staging/lib/wine/i386-windows/windows.devices.usb.dll
/home/captvty/.wine/drive_c/windows/system32/rsabase.dll	/opt/wine-staging/lib/wine/x86_64-windows/rsabase.dll
/home/captvty/.wine/drive_c/windows/syswow64/wbem/wmic.exe	/opt/wine-staging/lib/wine/i386-windows/wmic.exe
/home/captvty/.wine/drive_c/windows/syswow64/url.dll	/opt/wine-staging/lib/wine/i386-windows/url.dll
/home/captvty/.wine/drive_c/windows/system32/imm32.dll	/opt/wine-staging/lib/wine/x86_64-windows/imm32.dll
/home/captvty/.wine/drive_c/windows/system32/opcservices.dll	/opt/wine-staging/lib/wine/x86_64-windows/opcservices.dll
/home/captvty/.wine/drive_c/windows/syswow64/dcomp.dll	/opt/wine-staging/lib/wine/i386-windows/dcomp.dll
/home/captvty/.wine/drive_c/windows/system32/windows.ui.core.textinput.dll	/opt/wine-staging/lib/wine/x86_64-windows/windows.ui.core.textinput.dll
/home/captvty/.wine/drive_c/windows/system32/infosoft.dll	/opt/wine-staging/lib/wine/x86_64-windows/infosoft.dll
/home/captvty/.wine/drive_c/windows/system32/powrprof.dll	/opt/wine-staging/lib/wine/x86_64-windows/powrprof.dll
/home/captvty/.wine/drive_c/windows/syswow64/wiaservc.dll	/opt/wine-staging/lib/wine/i386-windows/wiaservc.dll
/home/captvty/.wine/drive_c/windows/system32/spool/prtprocs/w32x86/winprint.dll	/opt/wine-staging/lib/wine/i386-windows/winprint.dll
/home/captvty/.wine/drive_c/Program Files/Windows NT/Accessories/wordpad.exe	/opt/wine-staging/lib/wine/x86_64-windows/wordpad.exe
/home/captvty/.wine/drive_c/windows/system32/nddeapi.dll	/opt/wine-staging/lib/wine/x86_64-windows/nddeapi.dll
/home/captvty/.wine/drive_c/windows/system32/qedit.dll	/opt/wine-staging/lib/wine/x86_64-windows/qedit.dll
/home/captvty/.wine/drive_c/windows/system32/msxml.dll	/opt/wine-staging/lib/wine/x86_64-windows/msxml.dll
/home/captvty/.wine/drive_c/windows/syswow64/dplay.dll	/opt/wine-staging/lib/wine/i386-windows/dplay.dll
/home/captvty/.wine/drive_c/windows/syswow64/dmusic.dll	/opt/wine-staging/lib/wine/i386-windows/dmusic.dll
/home/captvty/.wine/drive_c/windows/system32/mfsrcsnk.dll	/opt/wine-staging/lib/wine/x86_64-windows/mfsrcsnk.dll
/home/captvty/.wine/drive_c/windows/syswow64/xolehlp.dll	/opt/wine-staging/lib/wine/i386-windows/xolehlp.dll
/home/captvty/.wine/drive_c/windows/syswow64/oleaut32.dll	/opt/wine-staging/lib/wine/i386-windows/oleaut32.dll
/home/captvty/.wine/drive_c/windows/syswow64/uiribbon.dll	/opt/wine-staging/lib/wine/i386-windows/uiribbon.dll
/home/captvty/.wine/drive_c/windows/system32/c_10002.nls	/opt/wine-staging/share/wine/nls/c_10002.nls
/home/captvty/.wine/drive_c/windows/syswow64/c_10002.nls	/opt/wine-staging/share/wine/nls/c_10002.nls
/home/captvty/.wine/drive_c/windows/syswow64/xapofx1_2.dll	/opt/wine-staging/lib/wine/i386-windows/xapofx1_2.dll
/home/captvty/.wine/drive_c/windows/system32/wevtapi.dll	/opt/wine-staging/lib/wine/x86_64-windows/wevtapi.dll
/home/captvty/.wine/drive_c/windows/system32/dinput8.dll	/opt/wine-staging/lib/wine/x86_64-windows/dinput8.dll
/home/captvty/.wine/drive_c/windows/winsxs/amd64_microsoft.windows.common-controls_6595b64144ccf1df_6.0.2600.2982_none_deadbeef/comctl32.dll	/opt/wine-staging/lib/wine/x86_64-windows/comctl32_v6.dll
/home/captvty/.wine/drive_c/windows/system32/authz.dll	/opt/wine-staging/lib/wine/x86_64-windows/authz.dll
/home/captvty/.wine/drive_c/windows/syswow64/msimsg.dll	/opt/wine-staging/lib/wine/i386-windows/msimsg.dll
/home/captvty/.wine/drive_c/windows/syswow64/svchost.exe	/opt/wine-staging/lib/wine/i386-windows/svchost.exe
/home/captvty/.wine/drive_c/windows/system32/dnsapi.dll	/opt/wine-staging/lib/wine/x86_64-windows/dnsapi.dll
/home/captvty/.wine/drive_c/windows/system32/mshtml.dll	/opt/wine-staging/lib/wine/x86_64-windows/mshtml.dll
/home/captvty/.wine/drive_c/windows/syswow64/ddraw.dll	/opt/wine-staging/lib/wine/i386-windows/ddraw.dll
/home/captvty/.wine/drive_c/windows/syswow64/drmclien.dll	/opt/wine-staging/lib/wine/i386-windows/drmclien.dll
/home/captvty/.wine/drive_c/windows/system32/oleacc.dll	/opt/wine-staging/lib/wine/x86_64-windows/oleacc.dll
/home/captvty/.wine/drive_c/windows/system32/webservices.dll	/opt/wine-staging/lib/wine/x86_64-windows/webservices.dll
/home/captvty/.wine/drive_c/windows/system32/vga.dll	/opt/wine-staging/lib/wine/x86_64-windows/vga.dll
/home/captvty/.wine/drive_c/windows/system32/oledlg.dll	/opt/wine-staging/lib/wine/x86_64-windows/oledlg.dll
/home/captvty/.wine/drive_c/windows/system32/services.exe	/opt/wine-staging/lib/wine/x86_64-windows/services.exe
/home/captvty/.wine/drive_c/windows/system32/winevulkan.dll	/opt/wine-staging/lib/wine/x86_64-windows/winevulkan.dll
/home/captvty/.wine/drive_c/windows/syswow64/msls31.dll	/opt/wine-staging/lib/wine/i386-windows/msls31.dll
/home/captvty/.wine/drive_c/windows/system32/wineboot.exe	/opt/wine-staging/lib/wine/x86_64-windows/wineboot.exe
/home/captvty/.wine/drive_c/windows/syswow64/comctl32.dll	/opt/wine-staging/lib/wine/i386-windows/comctl32.dll
/home/captvty/.wine/drive_c/windows/syswow64/dsquery.dll	/opt/wine-staging/lib/wine/i386-windows/dsquery.dll
/home/captvty/.wine/drive_c/windows/system32/c_720.nls	/opt/wine-staging/share/wine/nls/c_720.nls
/home/captvty/.wine/drive_c/windows/syswow64/c_720.nls	/opt/wine-staging/share/wine/nls/c_720.nls
/home/captvty/.wine/drive_c/windows/system32/dciman32.dll	/opt/wine-staging/lib/wine/x86_64-windows/dciman32.dll
/home/captvty/.wine/drive_c/windows/syswow64/iprop.dll	/opt/wine-staging/lib/wine/i386-windows/iprop.dll
/home/captvty/.wine/drive_c/windows/system32/xaudio2_8.dll	/opt/wine-staging/lib/wine/x86_64-windows/xaudio2_8.dll
/home/captvty/.wine/drive_c/windows/syswow64/windows.media.mediacontrol.dll	/opt/wine-staging/lib/wine/i386-windows/windows.media.mediacontrol.dll
/home/captvty/.wine/drive_c/windows/syswow64/msvcr120.dll	/opt/wine-staging/lib/wine/i386-windows/msvcr120.dll
/home/captvty/.wine/drive_c/windows/system32/kernel32.dll	/opt/wine-staging/lib/wine/x86_64-windows/kernel32.dll
/home/captvty/.wine/drive_c/windows/syswow64/d3dxof.dll	/opt/wine-staging/lib/wine/i386-windows/d3dxof.dll
/home/captvty/.wine/drive_c/windows/syswow64/olethk32.dll	/opt/wine-staging/lib/wine/i386-windows/olethk32.dll
/home/captvty/.wine/drive_c/windows/system32/uianimation.dll	/opt/wine-staging/lib/wine/x86_64-windows/uianimation.dll
/home/captvty/.wine/drive_c/windows/system32/msvcrt20.dll	/opt/wine-staging/lib/wine/x86_64-windows/msvcrt20.dll
/home/captvty/.wine/drive_c/windows/syswow64/mapi32.dll	/opt/wine-staging/lib/wine/i386-windows/mapi32.dll
/home/captvty/.wine/drive_c/windows/syswow64/ntdsapi.dll	/opt/wine-staging/lib/wine/i386-windows/ntdsapi.dll
/home/captvty/.wine/drive_c/windows/syswow64/fsutil.exe	/opt/wine-staging/lib/wine/i386-windows/fsutil.exe
/home/captvty/.wine/drive_c/windows/system32/winmm.dll	/opt/wine-staging/lib/wine/x86_64-windows/winmm.dll
/home/captvty/.wine/drive_c/windows/system32/uninstaller.exe	/opt/wine-staging/lib/wine/x86_64-windows/uninstaller.exe
/home/captvty/.wine/drive_c/windows/syswow64/ktmw32.dll	/opt/wine-staging/lib/wine/i386-windows/ktmw32.dll
/home/captvty/.wine/drive_c/windows/system32/control.exe	/opt/wine-staging/lib/wine/x86_64-windows/control.exe
/home/captvty/.wine/drive_c/windows/syswow64/d3dx10_40.dll	/opt/wine-staging/lib/wine/i386-windows/d3dx10_40.dll
/home/captvty/.wine/drive_c/windows/system32/snmpapi.dll	/opt/wine-staging/lib/wine/x86_64-windows/snmpapi.dll
/home/captvty/.wine/drive_c/windows/system32/odbc32.dll	/opt/wine-staging/lib/wine/x86_64-windows/odbc32.dll
/home/captvty/.wine/drive_c/windows/system32/advpack.dll	/opt/wine-staging/lib/wine/x86_64-windows/advpack.dll
/home/captvty/.wine/drive_c/windows/syswow64/hh.exe	/opt/wine-staging/lib/wine/i386-windows/hh.exe
/home/captvty/.wine/drive_c/windows/system32/httpapi.dll	/opt/wine-staging/lib/wine/x86_64-windows/httpapi.dll
/home/captvty/.wine/drive_c/windows/syswow64/vdmdbg.dll	/opt/wine-staging/lib/wine/i386-windows/vdmdbg.dll
/home/captvty/.wine/drive_c/windows/syswow64/mfh264enc.dll	/opt/wine-staging/lib/wine/i386-windows/mfh264enc.dll
/home/captvty/.wine/drive_c/windows/system32/xactengine2_0.dll	/opt/wine-staging/lib/wine/x86_64-windows/xactengine2_0.dll
/home/captvty/.wine/drive_c/windows/system32/vcomp100.dll	/opt/wine-staging/lib/wine/x86_64-windows/vcomp100.dll
/home/captvty/.wine/drive_c/windows/syswow64/winewayland.drv	/opt/wine-staging/lib/wine/i386-windows/winewayland.drv
/home/captvty/.wine/drive_c/windows/syswow64/threadpoolwinrt.dll	/opt/wine-staging/lib/wine/i386-windows/threadpoolwinrt.dll
/home/captvty/.wine/drive_c/windows/syswow64/ctl3d32.dll	/opt/wine-staging/lib/wine/i386-windows/ctl3d32.dll
/home/captvty/.wine/drive_c/windows/syswow64/windows.media.playback.backgroundmediaplayer.dll	/opt/wine-staging/lib/wine/i386-windows/windows.media.playback.backgroundmediaplayer.dll
/home/captvty/.wine/drive_c/windows/syswow64/printui.dll	/opt/wine-staging/lib/wine/i386-windows/printui.dll
/home/captvty/.wine/drive_c/windows/system32/icmui.dll	/opt/wine-staging/lib/wine/x86_64-windows/icmui.dll
/home/captvty/.wine/drive_c/windows/system32/drivers/cng.sys	/opt/wine-staging/lib/wine/x86_64-windows/cng.sys
/home/captvty/.wine/drive_c/windows/system32/xaudio2_0.dll	/opt/wine-staging/lib/wine/x86_64-windows/xaudio2_0.dll
/home/captvty/.wine/drive_c/windows/syswow64/avicap32.dll	/opt/wine-staging/lib/wine/i386-windows/avicap32.dll
/home/captvty/.wine/drive_c/windows/syswow64/msvcp70.dll	/opt/wine-staging/lib/wine/i386-windows/msvcp70.dll
/home/captvty/.wine/drive_c/windows/system32/wintypes.dll	/opt/wine-staging/lib/wine/x86_64-windows/wintypes.dll
/home/captvty/.wine/drive_c/windows/system32/msacm32.dll	/opt/wine-staging/lib/wine/x86_64-windows/msacm32.dll
/home/captvty/.wine/drive_c/windows/syswow64/msxml4.dll	/opt/wine-staging/lib/wine/i386-windows/msxml4.dll
/home/captvty/.wine/drive_c/windows/winsxs/x86_microsoft.msxml2_6bd6b9abf345378f_4.1.0.0_none_deadbeef/msxml4.dll	/opt/wine-staging/lib/wine/i386-windows/msxml4.dll
/home/captvty/.wine/drive_c/windows/syswow64/winscard.dll	/opt/wine-staging/lib/wine/i386-windows/winscard.dll
/home/captvty/.wine/drive_c/windows/system32/atl100.dll	/opt/wine-staging/lib/wine/x86_64-windows/atl100.dll
/home/captvty/.wine/drive_c/windows/system32/dmsynth.dll	/opt/wine-staging/lib/wine/x86_64-windows/dmsynth.dll
/home/captvty/.wine/drive_c/windows/system32/winmetadata/windows.storage.winmd	/opt/wine-staging/share/wine/winmd/windows.storage.winmd
/home/captvty/.wine/drive_c/windows/syswow64/winmetadata/windows.storage.winmd	/opt/wine-staging/share/wine/winmd/windows.storage.winmd
/home/captvty/.wine/drive_c/Program Files (x86)/Common Files/System/OLE DB/oledb32.dll	/opt/wine-staging/lib/wine/i386-windows/oledb32.dll
/home/captvty/.wine/drive_c/windows/syswow64/msvidc32.dll	/opt/wine-staging/lib/wine/i386-windows/msvidc32.dll
/home/captvty/.wine/drive_c/windows/system32/glu32.dll	/opt/wine-staging/lib/wine/x86_64-windows/glu32.dll
/home/captvty/.wine/drive_c/windows/syswow64/xinputuap.dll	/opt/wine-staging/lib/wine/i386-windows/xinputuap.dll
/home/captvty/.wine/drive_c/windows/system32/avifil32.dll	/opt/wine-staging/lib/wine/x86_64-windows/avifil32.dll
/home/captvty/.wine/drive_c/windows/syswow64/chcp.com	/opt/wine-staging/lib/wine/i386-windows/chcp.com
/home/captvty/.wine/drive_c/windows/system32/msctf.dll	/opt/wine-staging/lib/wine/x86_64-windows/msctf.dll
/home/captvty/.wine/drive_c/windows/system32/ole32.dll	/opt/wine-staging/lib/wine/x86_64-windows/ole32.dll
/home/captvty/.wine/drive_c/windows/system32/msdmo.dll	/opt/wine-staging/lib/wine/x86_64-windows/msdmo.dll
/home/captvty/.wine/drive_c/windows/system32/wow64.dll	/opt/wine-staging/lib/wine/x86_64-windows/wow64.dll
/home/captvty/.wine/drive_c/windows/syswow64/d3dx10_37.dll	/opt/wine-staging/lib/wine/i386-windows/d3dx10_37.dll
/home/captvty/.wine/drive_c/windows/system32/ntoskrnl.exe	/opt/wine-staging/lib/wine/x86_64-windows/ntoskrnl.exe
/home/captvty/.wine/drive_c/windows/syswow64/pnputil.exe	/opt/wine-staging/lib/wine/i386-windows/pnputil.exe
/home/captvty/.wine/drive_c/windows/syswow64/x3daudio1_7.dll	/opt/wine-staging/lib/wine/i386-windows/x3daudio1_7.dll
/home/captvty/.wine/drive_c/windows/syswow64/d3dx11_42.dll	/opt/wine-staging/lib/wine/i386-windows/d3dx11_42.dll
/home/captvty/.wine/drive_c/windows/syswow64/imagehlp.dll	/opt/wine-staging/lib/wine/i386-windows/imagehlp.dll
/home/captvty/.wine/drive_c/windows/syswow64/stdole32.tlb	/opt/wine-staging/lib/wine/i386-windows/stdole32.tlb
/home/captvty/.wine/drive_c/windows/system32/rtutils.dll	/opt/wine-staging/lib/wine/x86_64-windows/rtutils.dll
/home/captvty/.wine/drive_c/windows/system32/msadp32.acm	/opt/wine-staging/lib/wine/x86_64-windows/msadp32.acm
/home/captvty/.wine/drive_c/windows/system32/c_28599.nls	/opt/wine-staging/share/wine/nls/c_28599.nls
/home/captvty/.wine/drive_c/windows/syswow64/c_28599.nls	/opt/wine-staging/share/wine/nls/c_28599.nls
/home/captvty/.wine/drive_c/windows/system32/winmetadata/windows.ui.xaml.winmd	/opt/wine-staging/share/wine/winmd/windows.ui.xaml.winmd
/home/captvty/.wine/drive_c/windows/syswow64/winmetadata/windows.ui.xaml.winmd	/opt/wine-staging/share/wine/winmd/windows.ui.xaml.winmd
/home/captvty/.wine/drive_c/windows/syswow64/write.exe	/opt/wine-staging/lib/wine/i386-windows/write.exe
/home/captvty/.wine/drive_c/windows/system32/ntdsapi.dll	/opt/wine-staging/lib/wine/x86_64-windows/ntdsapi.dll
/home/captvty/.wine/drive_c/windows/syswow64/expand.exe	/opt/wine-staging/lib/wine/i386-windows/expand.exe
/home/captvty/.wine/drive_c/windows/system32/dcomp.dll	/opt/wine-staging/lib/wine/x86_64-windows/dcomp.dll
/home/captvty/.wine/drive_c/windows/system32/user32.dll	/opt/wine-staging/lib/wine/x86_64-windows/user32.dll
/home/captvty/.wine/drive_c/windows/syswow64/d3dx9_27.dll	/opt/wine-staging/lib/wine/i386-windows/d3dx9_27.dll
/home/captvty/.wine/drive_c/windows/system32/browseui.dll	/opt/wine-staging/lib/wine/x86_64-windows/browseui.dll
/home/captvty/.wine/drive_c/windows/system32/devenum.dll	/opt/wine-staging/lib/wine/x86_64-windows/devenum.dll
/home/captvty/.wine/drive_c/windows/system32/windows.globalization.dll	/opt/wine-staging/lib/wine/x86_64-windows/windows.globalization.dll
/home/captvty/.wine/drive_c/windows/system32/msxml3.dll	/opt/wine-staging/lib/wine/x86_64-windows/msxml3.dll
/home/captvty/.wine/drive_c/windows/winsxs/amd64_microsoft-windows-msxml30_31bf3856ad364e35_6.0.6000.16386_none_deadbeef/msxml3.dll	/opt/wine-staging/lib/wine/x86_64-windows/msxml3.dll
/home/captvty/.wine/drive_c/windows/syswow64/windows.web.dll	/opt/wine-staging/lib/wine/i386-windows/windows.web.dll
/home/captvty/.wine/drive_c/windows/syswow64/explorer.exe	/opt/wine-staging/lib/wine/i386-windows/explorer.exe
/home/captvty/.wine/drive_c/windows/system32/comctl32.dll	/opt/wine-staging/lib/wine/x86_64-windows/comctl32.dll
/home/captvty/.wine/drive_c/windows/syswow64/hhctrl.ocx	/opt/wine-staging/lib/wine/i386-windows/hhctrl.ocx
/home/captvty/.wine/drive_c/windows/syswow64/cfgmgr32.dll	/opt/wine-staging/lib/wine/i386-windows/cfgmgr32.dll
/home/captvty/.wine/drive_c/windows/syswow64/wmvcore.dll	/opt/wine-staging/lib/wine/i386-windows/wmvcore.dll
/home/captvty/.wine/drive_c/windows/system32/fwpuclnt.dll	/opt/wine-staging/lib/wine/x86_64-windows/fwpuclnt.dll
/home/captvty/.wine/drive_c/windows/system32/unlodctr.exe	/opt/wine-staging/lib/wine/x86_64-windows/unlodctr.exe
/home/captvty/.wine/drive_c/windows/syswow64/pwrshplugin.dll	/opt/wine-staging/lib/wine/i386-windows/pwrshplugin.dll
/home/captvty/.wine/drive_c/windows/syswow64/eject.exe	/opt/wine-staging/lib/wine/i386-windows/eject.exe
/home/captvty/.wine/drive_c/windows/system32/conhost.exe	/opt/wine-staging/lib/wine/x86_64-windows/conhost.exe
/home/captvty/.wine/drive_c/windows/system32/olesvr32.dll	/opt/wine-staging/lib/wine/x86_64-windows/olesvr32.dll
/home/captvty/.wine/drive_c/windows/system32/c_936.nls	/opt/wine-staging/share/wine/nls/c_936.nls
/home/captvty/.wine/drive_c/windows/syswow64/c_936.nls	/opt/wine-staging/share/wine/nls/c_936.nls
/home/captvty/.wine/drive_c/windows/system32/apisetschema.dll	/opt/wine-staging/lib/wine/x86_64-windows/apisetschema.dll
/home/captvty/.wine/drive_c/windows/syswow64/taskmgr.exe	/opt/wine-staging/lib/wine/i386-windows/taskmgr.exe
/home/captvty/.wine/drive_c/windows/syswow64/mscms.dll	/opt/wine-staging/lib/wine/i386-windows/mscms.dll
/home/captvty/.wine/drive_c/windows/system32/xactengine2_7.dll	/opt/wine-staging/lib/wine/x86_64-windows/xactengine2_7.dll
/home/captvty/.wine/drive_c/windows/syswow64/windowscodecs.dll	/opt/wine-staging/lib/wine/i386-windows/windowscodecs.dll
/home/captvty/.wine/drive_c/windows/syswow64/gpkcsp.dll	/opt/wine-staging/lib/wine/i386-windows/gpkcsp.dll
/home/captvty/.wine/drive_c/windows/syswow64/sensapi.dll	/opt/wine-staging/lib/wine/i386-windows/sensapi.dll
/home/captvty/.wine/drive_c/windows/syswow64/msinfo32.exe	/opt/wine-staging/lib/wine/i386-windows/msinfo32.exe
/home/captvty/.wine/drive_c/windows/syswow64/d3dx9_34.dll	/opt/wine-staging/lib/wine/i386-windows/d3dx9_34.dll
/home/captvty/.wine/drive_c/windows/syswow64/imm32.dll	/opt/wine-staging/lib/wine/i386-windows/imm32.dll
/home/captvty/.wine/drive_c/windows/system32/xmllite.dll	/opt/wine-staging/lib/wine/x86_64-windows/xmllite.dll
/home/captvty/.wine/drive_c/windows/system32/net.exe	/opt/wine-staging/lib/wine/x86_64-windows/net.exe
/home/captvty/.wine/drive_c/windows/syswow64/inetcpl.cpl	/opt/wine-staging/lib/wine/i386-windows/inetcpl.cpl
/home/captvty/.wine/drive_c/windows/system32/regapi.dll	/opt/wine-staging/lib/wine/x86_64-windows/regapi.dll
/home/captvty/.wine/drive_c/windows/system32/certutil.exe	/opt/wine-staging/lib/wine/x86_64-windows/certutil.exe
/home/captvty/.wine/drive_c/windows/syswow64/localspl.dll	/opt/wine-staging/lib/wine/i386-windows/localspl.dll
/home/captvty/.wine/drive_c/windows/system32/drivers/nsiproxy.sys	/opt/wine-staging/lib/wine/x86_64-windows/nsiproxy.sys
/home/captvty/.wine/drive_c/windows/syswow64/msauddecmft.dll	/opt/wine-staging/lib/wine/i386-windows/msauddecmft.dll
/home/captvty/.wine/drive_c/windows/system32/hnetcfg.dll	/opt/wine-staging/lib/wine/x86_64-windows/hnetcfg.dll
/home/captvty/.wine/drive_c/windows/system32/graphicscapture.dll	/opt/wine-staging/lib/wine/x86_64-windows/graphicscapture.dll
/home/captvty/.wine/drive_c/windows/system32/drivers/http.sys	/opt/wine-staging/lib/wine/x86_64-windows/http.sys
/home/captvty/.wine/drive_c/windows/system32/wmphoto.dll	/opt/wine-staging/lib/wine/x86_64-windows/wmphoto.dll
/home/captvty/.wine/drive_c/windows/system32/windows.devices.usb.dll	/opt/wine-staging/lib/wine/x86_64-windows/windows.devices.usb.dll
/home/captvty/.wine/drive_c/windows/system32/msvcrt.dll	/opt/wine-staging/lib/wine/x86_64-windows/msvcrt.dll
/home/captvty/.wine/drive_c/windows/system32/scrrun.dll	/opt/wine-staging/lib/wine/x86_64-windows/scrrun.dll
/home/captvty/.wine/drive_c/windows/syswow64/ndfapi.dll	/opt/wine-staging/lib/wine/i386-windows/ndfapi.dll
/home/captvty/.wine/drive_c/windows/syswow64/sccbase.dll	/opt/wine-staging/lib/wine/i386-windows/sccbase.dll
/home/captvty/.wine/drive_c/windows/system32/opencl.dll	/opt/wine-staging/lib/wine/x86_64-windows/opencl.dll
/home/captvty/.wine/drive_c/windows/system32/icmp.dll	/opt/wine-staging/lib/wine/x86_64-windows/icmp.dll
/home/captvty/.wine/drive_c/windows/system32/localspl.dll	/opt/wine-staging/lib/wine/x86_64-windows/localspl.dll
/home/captvty/.wine/drive_c/windows/system32/regini.exe	/opt/wine-staging/lib/wine/x86_64-windows/regini.exe
/home/captvty/.wine/drive_c/windows/syswow64/wininet.dll	/opt/wine-staging/lib/wine/i386-windows/wininet.dll
/home/captvty/.wine/drive_c/windows/system32/d3dx9_39.dll	/opt/wine-staging/lib/wine/x86_64-windows/d3dx9_39.dll
/home/captvty/.wine/drive_c/windows/system32/c_10081.nls	/opt/wine-staging/share/wine/nls/c_10081.nls
/home/captvty/.wine/drive_c/windows/syswow64/c_10081.nls	/opt/wine-staging/share/wine/nls/c_10081.nls
/home/captvty/.wine/drive_c/windows/system32/hid.dll	/opt/wine-staging/lib/wine/x86_64-windows/hid.dll
/home/captvty/.wine/drive_c/windows/syswow64/stdole2.tlb	/opt/wine-staging/lib/wine/i386-windows/stdole2.tlb
/home/captvty/.wine/drive_c/windows/syswow64/wlanui.dll	/opt/wine-staging/lib/wine/i386-windows/wlanui.dll
/home/captvty/.wine/drive_c/windows/syswow64/newdev.dll	/opt/wine-staging/lib/wine/i386-windows/newdev.dll
/home/captvty/.wine/drive_c/windows/system32/imaadp32.acm	/opt/wine-staging/lib/wine/x86_64-windows/imaadp32.acm
/home/captvty/.wine/drive_c/windows/system32/c_10082.nls	/opt/wine-staging/share/wine/nls/c_10082.nls
/home/captvty/.wine/drive_c/windows/syswow64/c_10082.nls	/opt/wine-staging/share/wine/nls/c_10082.nls
/home/captvty/.wine/drive_c/windows/system32/dhcpcsvc.dll	/opt/wine-staging/lib/wine/x86_64-windows/dhcpcsvc.dll
/home/captvty/.wine/drive_c/windows/syswow64/msvcp140_atomic_wait.dll	/opt/wine-staging/lib/wine/i386-windows/msvcp140_atomic_wait.dll
/home/captvty/.wine/drive_c/windows/syswow64/d3dx9_26.dll	/opt/wine-staging/lib/wine/i386-windows/d3dx9_26.dll
/home/captvty/.wine/drive_c/windows/syswow64/dmband.dll	/opt/wine-staging/lib/wine/i386-windows/dmband.dll
/home/captvty/.wine/drive_c/windows/system32/winefile.exe	/opt/wine-staging/lib/wine/x86_64-windows/winefile.exe
/home/captvty/.wine/drive_c/windows/syswow64/msvcr80.dll	/opt/wine-staging/lib/wine/i386-windows/msvcr80.dll
/home/captvty/.wine/drive_c/windows/winsxs/x86_microsoft.vc80.crt_1fc8b3b9a1e18e3b_8.0.50727.9672_none_deadbeef/msvcr80.dll	/opt/wine-staging/lib/wine/i386-windows/msvcr80.dll
/home/captvty/.wine/drive_c/windows/system32/concrt140.dll	/opt/wine-staging/lib/wine/x86_64-windows/concrt140.dll
/home/captvty/.wine/drive_c/windows/system32/atmlib.dll	/opt/wine-staging/lib/wine/x86_64-windows/atmlib.dll
/home/captvty/.wine/drive_c/windows/syswow64/atl90.dll	/opt/wine-staging/lib/wine/i386-windows/atl90.dll
/home/captvty/.wine/drive_c/windows/winsxs/x86_microsoft.vc90.atl_1fc8b3b9a1e18e3b_9.0.30729.6161_none_deadbeef/atl90.dll	/opt/wine-staging/lib/wine/i386-windows/atl90.dll
/home/captvty/.wine/drive_c/windows/system32/wineconsole.exe	/opt/wine-staging/lib/wine/x86_64-windows/wineconsole.exe
/home/captvty/.wine/drive_c/windows/syswow64/msasn1.dll	/opt/wine-staging/lib/wine/i386-windows/msasn1.dll
/home/captvty/.wine/drive_c/windows/system32/x3daudio1_3.dll	/opt/wine-staging/lib/wine/x86_64-windows/x3daudio1_3.dll
/home/captvty/.wine/drive_c/windows/syswow64/vcomp.dll	/opt/wine-staging/lib/wine/i386-windows/vcomp.dll
/home/captvty/.wine/drive_c/windows/syswow64/cabinet.dll	/opt/wine-staging/lib/wine/i386-windows/cabinet.dll
/home/captvty/.wine/drive_c/windows/system32/winmgmt.exe	/opt/wine-staging/lib/wine/x86_64-windows/winmgmt.exe
/home/captvty/.wine/drive_c/windows/syswow64/wtsapi32.dll	/opt/wine-staging/lib/wine/i386-windows/wtsapi32.dll
/home/captvty/.wine/drive_c/windows/command/start.exe	/opt/wine-staging/lib/wine/i386-windows/start.exe
/home/captvty/.wine/drive_c/windows/syswow64/start.exe	/opt/wine-staging/lib/wine/i386-windows/start.exe
/home/captvty/.wine/drive_c/windows/syswow64/xaudio2_8.dll	/opt/wine-staging/lib/wine/i386-windows/xaudio2_8.dll
/home/captvty/.wine/drive_c/windows/syswow64/windows.networking.hostname.dll	/opt/wine-staging/lib/wine/i386-windows/windows.networking.hostname.dll
/home/captvty/.wine/drive_c/windows/syswow64/d3dx10_39.dll	/opt/wine-staging/lib/wine/i386-windows/d3dx10_39.dll
/home/captvty/.wine/drive_c/windows/system32/t2embed.dll	/opt/wine-staging/lib/wine/x86_64-windows/t2embed.dll
/home/captvty/.wine/drive_c/windows/syswow64/winspool.drv	/opt/wine-staging/lib/wine/i386-windows/winspool.drv
/home/captvty/.wine/drive_c/windows/syswow64/wimgapi.dll	/opt/wine-staging/lib/wine/i386-windows/wimgapi.dll
/home/captvty/.wine/drive_c/windows/syswow64/dsdmo.dll	/opt/wine-staging/lib/wine/i386-windows/dsdmo.dll
/home/captvty/.wine/drive_c/windows/system32/msports.dll	/opt/wine-staging/lib/wine/x86_64-windows/msports.dll
/home/captvty/.wine/drive_c/windows/system32/midimap.dll	/opt/wine-staging/lib/wine/x86_64-windows/midimap.dll
/home/captvty/.wine/drive_c/windows/syswow64/rometadata.dll	/opt/wine-staging/lib/wine/i386-windows/rometadata.dll
/home/captvty/.wine/drive_c/windows/system32/psapi.dll	/opt/wine-staging/lib/wine/x86_64-windows/psapi.dll
/home/captvty/.wine/drive_c/windows/syswow64/arp.exe	/opt/wine-staging/lib/wine/i386-windows/arp.exe
/home/captvty/.wine/drive_c/windows/system32/bcryptprimitives.dll	/opt/wine-staging/lib/wine/x86_64-windows/bcryptprimitives.dll
/home/captvty/.wine/drive_c/windows/syswow64/pdh.dll	/opt/wine-staging/lib/wine/i386-windows/pdh.dll
/home/captvty/.wine/drive_c/windows/system32/inetmib1.dll	/opt/wine-staging/lib/wine/x86_64-windows/inetmib1.dll
/home/captvty/.wine/drive_c/windows/system32/c_20932.nls	/opt/wine-staging/share/wine/nls/c_20932.nls
/home/captvty/.wine/drive_c/windows/syswow64/c_20932.nls	/opt/wine-staging/share/wine/nls/c_20932.nls
/home/captvty/.wine/drive_c/windows/system32/hvsimanagementapi.dll	/opt/wine-staging/lib/wine/x86_64-windows/hvsimanagementapi.dll
/home/captvty/.wine/drive_c/windows/system32/windows.media.dll	/opt/wine-staging/lib/wine/x86_64-windows/windows.media.dll
/home/captvty/.wine/drive_c/windows/syswow64/progman.exe	/opt/wine-staging/lib/wine/i386-windows/progman.exe
/home/captvty/.wine/drive_c/windows/syswow64/dmcompos.dll	/opt/wine-staging/lib/wine/i386-windows/dmcompos.dll
/home/captvty/.wine/drive_c/windows/system32/mfasfsrcsnk.dll	/opt/wine-staging/lib/wine/x86_64-windows/mfasfsrcsnk.dll
/home/captvty/.wine/drive_c/windows/system32/winbrand.dll	/opt/wine-staging/lib/wine/x86_64-windows/winbrand.dll
/home/captvty/.wine/drive_c/windows/syswow64/xactengine3_6.dll	/opt/wine-staging/lib/wine/i386-windows/xactengine3_6.dll
/home/captvty/.wine/drive_c/windows/system32/appwiz.cpl	/opt/wine-staging/lib/wine/x86_64-windows/appwiz.cpl
/home/captvty/.wine/drive_c/windows/system32/windows.media.speech.dll	/opt/wine-staging/lib/wine/x86_64-windows/windows.media.speech.dll
/home/captvty/.wine/drive_c/windows/system32/tdh.dll	/opt/wine-staging/lib/wine/x86_64-windows/tdh.dll
/home/captvty/.wine/drive_c/windows/system32/c_1253.nls	/opt/wine-staging/share/wine/nls/c_1253.nls
/home/captvty/.wine/drive_c/windows/syswow64/c_1253.nls	/opt/wine-staging/share/wine/nls/c_1253.nls
/home/captvty/.wine/drive_c/windows/system32/pwrshplugin.dll	/opt/wine-staging/lib/wine/x86_64-windows/pwrshplugin.dll
/home/captvty/.wine/drive_c/windows/system32/atl90.dll	/opt/wine-staging/lib/wine/x86_64-windows/atl90.dll
/home/captvty/.wine/drive_c/windows/winsxs/amd64_microsoft.vc90.atl_1fc8b3b9a1e18e3b_9.0.30729.6161_none_deadbeef/atl90.dll	/opt/wine-staging/lib/wine/x86_64-windows/atl90.dll
/home/captvty/.wine/drive_c/windows/syswow64/d3dx10_43.dll	/opt/wine-staging/lib/wine/i386-windows/d3dx10_43.dll
/home/captvty/.wine/drive_c/windows/syswow64/ir50_32.dll	/opt/wine-staging/lib/wine/i386-windows/ir50_32.dll
/home/captvty/.wine/drive_c/windows/system32/query.dll	/opt/wine-staging/lib/wine/x86_64-windows/query.dll
/home/captvty/.wine/drive_c/windows/system32/wofutil.dll	/opt/wine-staging/lib/wine/x86_64-windows/wofutil.dll
/home/captvty/.wine/drive_c/windows/syswow64/appxdeploymentclient.dll	/opt/wine-staging/lib/wine/i386-windows/appxdeploymentclient.dll
/home/captvty/.wine/drive_c/windows/syswow64/setx.exe	/opt/wine-staging/lib/wine/i386-windows/setx.exe
/home/captvty/.wine/drive_c/windows/system32/c_1257.nls	/opt/wine-staging/share/wine/nls/c_1257.nls
/home/captvty/.wine/drive_c/windows/syswow64/c_1257.nls	/opt/wine-staging/share/wine/nls/c_1257.nls
/home/captvty/.wine/drive_c/windows/syswow64/difxapi.dll	/opt/wine-staging/lib/wine/i386-windows/difxapi.dll
/home/captvty/.wine/drive_c/windows/system32/normnfkc.nls	/opt/wine-staging/share/wine/nls/normnfkc.nls
/home/captvty/.wine/drive_c/windows/syswow64/normnfkc.nls	/opt/wine-staging/share/wine/nls/normnfkc.nls
/home/captvty/.wine/drive_c/windows/syswow64/qmgr.dll	/opt/wine-staging/lib/wine/i386-windows/qmgr.dll
/home/captvty/.wine/drive_c/windows/system32/wmvcore.dll	/opt/wine-staging/lib/wine/x86_64-windows/wmvcore.dll
/home/captvty/.wine/drive_c/windows/system32/srvcli.dll	/opt/wine-staging/lib/wine/x86_64-windows/srvcli.dll
/home/captvty/.wine/drive_c/windows/system32/wevtutil.exe	/opt/wine-staging/lib/wine/x86_64-windows/wevtutil.exe
/home/captvty/.wine/drive_c/windows/system32/c_28596.nls	/opt/wine-staging/share/wine/nls/c_28596.nls
/home/captvty/.wine/drive_c/windows/syswow64/c_28596.nls	/opt/wine-staging/share/wine/nls/c_28596.nls
/home/captvty/.wine/drive_c/windows/syswow64/mciqtz32.dll	/opt/wine-staging/lib/wine/i386-windows/mciqtz32.dll
/home/captvty/.wine/drive_c/windows/syswow64/cmd.exe	/opt/wine-staging/lib/wine/i386-windows/cmd.exe
/home/captvty/.wine/drive_c/windows/system32/bcp47langs.dll	/opt/wine-staging/lib/wine/x86_64-windows/bcp47langs.dll
/home/captvty/.wine/drive_c/windows/system32/msvcr70.dll	/opt/wine-staging/lib/wine/x86_64-windows/msvcr70.dll
/home/captvty/.wine/drive_c/windows/system32/wpc.dll	/opt/wine-staging/lib/wine/x86_64-windows/wpc.dll
/home/captvty/.wine/drive_c/windows/system32/c_869.nls	/opt/wine-staging/share/wine/nls/c_869.nls
/home/captvty/.wine/drive_c/windows/syswow64/c_869.nls	/opt/wine-staging/share/wine/nls/c_869.nls
/home/captvty/.wine/drive_c/windows/system32/chcp.com	/opt/wine-staging/lib/wine/x86_64-windows/chcp.com
/home/captvty/.wine/drive_c/windows/syswow64/msidb.exe	/opt/wine-staging/lib/wine/i386-windows/msidb.exe
/home/captvty/.wine/drive_c/windows/system32/d3dcompiler_39.dll	/opt/wine-staging/lib/wine/x86_64-windows/d3dcompiler_39.dll
/home/captvty/.wine/drive_c/Program Files (x86)/Internet Explorer/iexplore.exe	/opt/wine-staging/lib/wine/i386-windows/iexplore.exe
/home/captvty/.wine/drive_c/windows/syswow64/iexplore.exe	/opt/wine-staging/lib/wine/i386-windows/iexplore.exe
/home/captvty/.wine/drive_c/windows/system32/msv1_0.dll	/opt/wine-staging/lib/wine/x86_64-windows/msv1_0.dll
/home/captvty/.wine/drive_c/windows/system32/c_28595.nls	/opt/wine-staging/share/wine/nls/c_28595.nls
/home/captvty/.wine/drive_c/windows/syswow64/c_28595.nls	/opt/wine-staging/share/wine/nls/c_28595.nls
/home/captvty/.wine/drive_c/windows/syswow64/aclui.dll	/opt/wine-staging/lib/wine/i386-windows/aclui.dll
/home/captvty/.wine/drive_c/windows/syswow64/dmsynth.dll	/opt/wine-staging/lib/wine/i386-windows/dmsynth.dll
/home/captvty/.wine/drive_c/windows/system32/compstui.dll	/opt/wine-staging/lib/wine/x86_64-windows/compstui.dll
/home/captvty/.wine/drive_c/windows/system32/x3daudio1_7.dll	/opt/wine-staging/lib/wine/x86_64-windows/x3daudio1_7.dll
/home/captvty/.wine/drive_c/windows/syswow64/xapofx1_1.dll	/opt/wine-staging/lib/wine/i386-windows/xapofx1_1.dll
/home/captvty/.wine/drive_c/windows/system32/vccorlib140.dll	/opt/wine-staging/lib/wine/x86_64-windows/vccorlib140.dll
/home/captvty/.wine/drive_c/windows/syswow64/xactengine3_7.dll	/opt/wine-staging/lib/wine/i386-windows/xactengine3_7.dll
/home/captvty/.wine/drive_c/windows/syswow64/sxs.dll	/opt/wine-staging/lib/wine/i386-windows/sxs.dll
/home/captvty/.wine/drive_c/windows/system32/dpnhpast.dll	/opt/wine-staging/lib/wine/x86_64-windows/dpnhpast.dll
/home/captvty/.wine/drive_c/windows/system32/sfc.dll	/opt/wine-staging/lib/wine/x86_64-windows/sfc.dll
/home/captvty/.wine/drive_c/windows/system32/thumbcache.dll	/opt/wine-staging/lib/wine/x86_64-windows/thumbcache.dll
/home/captvty/.wine/drive_c/windows/system32/systeminfo.exe	/opt/wine-staging/lib/wine/x86_64-windows/systeminfo.exe
/home/captvty/.wine/drive_c/windows/system32/qasf.dll	/opt/wine-staging/lib/wine/x86_64-windows/qasf.dll
/home/captvty/.wine/drive_c/windows/system32/windows.security.credentials.ui.userconsentverifier.dll	/opt/wine-staging/lib/wine/x86_64-windows/windows.security.credentials.ui.userconsentverifier.dll
/home/captvty/.wine/drive_c/windows/system32/dpnaddr.dll	/opt/wine-staging/lib/wine/x86_64-windows/dpnaddr.dll
/home/captvty/.wine/drive_c/windows/system32/dplay.dll	/opt/wine-staging/lib/wine/x86_64-windows/dplay.dll
/home/captvty/.wine/drive_c/windows/syswow64/netsh.exe	/opt/wine-staging/lib/wine/i386-windows/netsh.exe
/home/captvty/.wine/drive_c/windows/system32/ctapi32.dll	/opt/wine-staging/lib/wine/x86_64-windows/ctapi32.dll
/home/captvty/.wine/drive_c/windows/syswow64/wevtapi.dll	/opt/wine-staging/lib/wine/i386-windows/wevtapi.dll
/home/captvty/.wine/drive_c/windows/syswow64/msvcr110.dll	/opt/wine-staging/lib/wine/i386-windows/msvcr110.dll
/home/captvty/.wine/drive_c/windows/system32/c_852.nls	/opt/wine-staging/share/wine/nls/c_852.nls
/home/captvty/.wine/drive_c/windows/syswow64/c_852.nls	/opt/wine-staging/share/wine/nls/c_852.nls
/home/captvty/.wine/drive_c/windows/syswow64/websocket.dll	/opt/wine-staging/lib/wine/i386-windows/websocket.dll
/home/captvty/.wine/drive_c/windows/system32/d3dcompiler_47.dll	/opt/wine-staging/lib/wine/x86_64-windows/d3dcompiler_47.dll
/home/captvty/.wine/drive_c/windows/syswow64/ntprint.dll	/opt/wine-staging/lib/wine/i386-windows/ntprint.dll
/home/captvty/.wine/drive_c/windows/system32/write.exe	/opt/wine-staging/lib/wine/x86_64-windows/write.exe
/home/captvty/.wine/drive_c/windows/syswow64/xaudio2_2.dll	/opt/wine-staging/lib/wine/i386-windows/xaudio2_2.dll
/home/captvty/.wine/drive_c/windows/system32/c_10017.nls	/opt/wine-staging/share/wine/nls/c_10017.nls
/home/captvty/.wine/drive_c/windows/syswow64/c_10017.nls	/opt/wine-staging/share/wine/nls/c_10017.nls
/home/captvty/.wine/drive_c/windows/syswow64/w32skrnl.dll	/opt/wine-staging/lib/wine/i386-windows/w32skrnl.dll
/home/captvty/.wine/drive_c/windows/syswow64/win32u.dll	/opt/wine-staging/lib/wine/i386-windows/win32u.dll
/home/captvty/.wine/drive_c/windows/system32/dpwsockx.dll	/opt/wine-staging/lib/wine/x86_64-windows/dpwsockx.dll
/home/captvty/.wine/drive_c/windows/syswow64/Speech/Engines/TTS/msttsengine.dll	/opt/wine-staging/lib/wine/i386-windows/msttsengine.dll
/home/captvty/.wine/drive_c/windows/system32/wimgapi.dll	/opt/wine-staging/lib/wine/x86_64-windows/wimgapi.dll
/home/captvty/.wine/drive_c/windows/system32/itss.dll	/opt/wine-staging/lib/wine/x86_64-windows/itss.dll
/home/captvty/.wine/drive_c/windows/syswow64/wer.dll	/opt/wine-staging/lib/wine/i386-windows/wer.dll
/home/captvty/.wine/drive_c/windows/syswow64/glu32.dll	/opt/wine-staging/lib/wine/i386-windows/glu32.dll
/home/captvty/.wine/drive_c/windows/syswow64/dhtmled.ocx	/opt/wine-staging/lib/wine/i386-windows/dhtmled.ocx
/home/captvty/.wine/drive_c/windows/syswow64/winhttp.dll	/opt/wine-staging/lib/wine/i386-windows/winhttp.dll
/home/captvty/.wine/drive_c/windows/system32/dxgi.dll	/opt/wine-staging/lib/wine/x86_64-windows/dxgi.dll
/home/captvty/.wine/drive_c/windows/system32/pstorec.dll	/opt/wine-staging/lib/wine/x86_64-windows/pstorec.dll
/home/captvty/.wine/drive_c/windows/system32/msvcp140_codecvt_ids.dll	/opt/wine-staging/lib/wine/x86_64-windows/msvcp140_codecvt_ids.dll
/home/captvty/.wine/drive_c/windows/system32/msvcp120_app.dll	/opt/wine-staging/lib/wine/x86_64-windows/msvcp120_app.dll
/home/captvty/.wine/drive_c/windows/system32/drivers/winebus.sys	/opt/wine-staging/lib/wine/x86_64-windows/winebus.sys
/home/captvty/.wine/drive_c/windows/syswow64/atlthunk.dll	/opt/wine-staging/lib/wine/i386-windows/atlthunk.dll
/home/captvty/.wine/drive_c/windows/system32/c_28598.nls	/opt/wine-staging/share/wine/nls/c_28598.nls
/home/captvty/.wine/drive_c/windows/syswow64/c_28598.nls	/opt/wine-staging/share/wine/nls/c_28598.nls
/home/captvty/.wine/drive_c/windows/system32/sechost.dll	/opt/wine-staging/lib/wine/x86_64-windows/sechost.dll
/home/captvty/.wine/drive_c/windows/syswow64/d3d8.dll	/opt/wine-staging/lib/wine/i386-windows/d3d8.dll
/home/captvty/.wine/drive_c/windows/syswow64/xaudio2_4.dll	/opt/wine-staging/lib/wine/i386-windows/xaudio2_4.dll
/home/captvty/.wine/drive_c/windows/syswow64/msvcp100.dll	/opt/wine-staging/lib/wine/i386-windows/msvcp100.dll
/home/captvty/.wine/drive_c/windows/system32/d3dcompiler_40.dll	/opt/wine-staging/lib/wine/x86_64-windows/d3dcompiler_40.dll
/home/captvty/.wine/drive_c/windows/system32/odbcad32.exe	/opt/wine-staging/lib/wine/x86_64-windows/odbcad32.exe
/home/captvty/.wine/drive_c/windows/syswow64/dhcpcsvc.dll	/opt/wine-staging/lib/wine/i386-windows/dhcpcsvc.dll
/home/captvty/.wine/drive_c/windows/system32/cryptdlg.dll	/opt/wine-staging/lib/wine/x86_64-windows/cryptdlg.dll
/home/captvty/.wine/drive_c/windows/system32/pidgen.dll	/opt/wine-staging/lib/wine/x86_64-windows/pidgen.dll
/home/captvty/.wine/drive_c/windows/system32/d3dx9_24.dll	/opt/wine-staging/lib/wine/x86_64-windows/d3dx9_24.dll
/home/captvty/.wine/drive_c/windows/system32/icuin.dll	/opt/wine-staging/lib/wine/x86_64-windows/icuin.dll
/home/captvty/.wine/drive_c/windows/system32/sdbinst.exe	/opt/wine-staging/lib/wine/x86_64-windows/sdbinst.exe
/home/captvty/.wine/drive_c/windows/syswow64/adsldp.dll	/opt/wine-staging/lib/wine/i386-windows/adsldp.dll
/home/captvty/.wine/drive_c/windows/system32/msisip.dll	/opt/wine-staging/lib/wine/x86_64-windows/msisip.dll
/home/captvty/.wine/drive_c/windows/system32/dpnhupnp.dll	/opt/wine-staging/lib/wine/x86_64-windows/dpnhupnp.dll
/home/captvty/.wine/drive_c/windows/syswow64/itircl.dll	/opt/wine-staging/lib/wine/i386-windows/itircl.dll
/home/captvty/.wine/drive_c/windows/system32/klist.exe	/opt/wine-staging/lib/wine/x86_64-windows/klist.exe
/home/captvty/.wine/drive_c/windows/syswow64/d3dx10_35.dll	/opt/wine-staging/lib/wine/i386-windows/d3dx10_35.dll
/home/captvty/.wine/drive_c/windows/syswow64/wevtsvc.dll	/opt/wine-staging/lib/wine/i386-windows/wevtsvc.dll
/home/captvty/.wine/drive_c/windows/system32/odbccp32.dll	/opt/wine-staging/lib/wine/x86_64-windows/odbccp32.dll
/home/captvty/.wine/drive_c/Program Files (x86)/Windows Media Player/wmplayer.exe	/opt/wine-staging/lib/wine/i386-windows/wmplayer.exe
/home/captvty/.wine/drive_c/windows/syswow64/msctfp.dll	/opt/wine-staging/lib/wine/i386-windows/msctfp.dll
/home/captvty/.wine/drive_c/windows/system32/d3dx10_39.dll	/opt/wine-staging/lib/wine/x86_64-windows/d3dx10_39.dll
/home/captvty/.wine/drive_c/windows/syswow64/icuuc.dll	/opt/wine-staging/lib/wine/i386-windows/icuuc.dll
/home/captvty/.wine/drive_c/windows/syswow64/inetcomm.dll	/opt/wine-staging/lib/wine/i386-windows/inetcomm.dll
/home/captvty/.wine/drive_c/windows/system32/olecli32.dll	/opt/wine-staging/lib/wine/x86_64-windows/olecli32.dll
/home/captvty/.wine/drive_c/windows/syswow64/profapi.dll	/opt/wine-staging/lib/wine/i386-windows/profapi.dll
/home/captvty/.wine/drive_c/windows/system32/dxdiagn.dll	/opt/wine-staging/lib/wine/x86_64-windows/dxdiagn.dll
/home/captvty/.wine/drive_c/windows/syswow64/xpssvcs.dll	/opt/wine-staging/lib/wine/i386-windows/xpssvcs.dll
/home/captvty/.wine/drive_c/windows/syswow64/vwin32.vxd	/opt/wine-staging/lib/wine/i386-windows/vwin32.vxd
/home/captvty/.wine/drive_c/windows/syswow64/uianimation.dll	/opt/wine-staging/lib/wine/i386-windows/uianimation.dll
/home/captvty/.wine/drive_c/windows/syswow64/infosoft.dll	/opt/wine-staging/lib/wine/i386-windows/infosoft.dll
/home/captvty/.wine/drive_c/windows/syswow64/clock.exe	/opt/wine-staging/lib/wine/i386-windows/clock.exe
/home/captvty/.wine/drive_c/windows/system32/termsv.exe	/opt/wine-staging/lib/wine/x86_64-windows/termsv.exe
/home/captvty/.wine/drive_c/windows/syswow64/dpnhpast.dll	/opt/wine-staging/lib/wine/i386-windows/dpnhpast.dll
/home/captvty/.wine/drive_c/windows/system32/x3daudio1_2.dll	/opt/wine-staging/lib/wine/x86_64-windows/x3daudio1_2.dll
/home/captvty/.wine/drive_c/windows/system32/dmloader.dll	/opt/wine-staging/lib/wine/x86_64-windows/dmloader.dll
/home/captvty/.wine/drive_c/windows/syswow64/ia2comproxy.dll	/opt/wine-staging/lib/wine/i386-windows/ia2comproxy.dll
/home/captvty/.wine/drive_c/windows/syswow64/apphelp.dll	/opt/wine-staging/lib/wine/i386-windows/apphelp.dll
/home/captvty/.wine/drive_c/windows/syswow64/opcservices.dll	/opt/wine-staging/lib/wine/i386-windows/opcservices.dll
/home/captvty/.wine/drive_c/windows/syswow64/msimg32.dll	/opt/wine-staging/lib/wine/i386-windows/msimg32.dll
/home/captvty/.wine/drive_c/windows/system32/msvfw32.dll	/opt/wine-staging/lib/wine/x86_64-windows/msvfw32.dll
/home/captvty/.wine/drive_c/windows/syswow64/qwave.dll	/opt/wine-staging/lib/wine/i386-windows/qwave.dll
/home/captvty/.wine/drive_c/windows/syswow64/dpnsvr.exe	/opt/wine-staging/lib/wine/i386-windows/dpnsvr.exe
/home/captvty/.wine/drive_c/windows/syswow64/d3dcompiler_34.dll	/opt/wine-staging/lib/wine/i386-windows/d3dcompiler_34.dll
/home/captvty/.wine/drive_c/windows/system32/dwmapi.dll	/opt/wine-staging/lib/wine/x86_64-windows/dwmapi.dll
/home/captvty/.wine/drive_c/windows/system32/windows.graphics.dll	/opt/wine-staging/lib/wine/x86_64-windows/windows.graphics.dll
/home/captvty/.wine/drive_c/windows/system32/shfolder.dll	/opt/wine-staging/lib/wine/x86_64-windows/shfolder.dll
/home/captvty/.wine/drive_c/windows/system32/gamingtcui.dll	/opt/wine-staging/lib/wine/x86_64-windows/gamingtcui.dll
/home/captvty/.wine/drive_c/windows/syswow64/slc.dll	/opt/wine-staging/lib/wine/i386-windows/slc.dll
/home/captvty/.wine/drive_c/windows/syswow64/d3dx10_36.dll	/opt/wine-staging/lib/wine/i386-windows/d3dx10_36.dll
/home/captvty/.wine/drive_c/windows/syswow64/dinput8.dll	/opt/wine-staging/lib/wine/i386-windows/dinput8.dll
/home/captvty/.wine/drive_c/windows/system32/c_855.nls	/opt/wine-staging/share/wine/nls/c_855.nls
/home/captvty/.wine/drive_c/windows/syswow64/c_855.nls	/opt/wine-staging/share/wine/nls/c_855.nls
/home/captvty/.wine/drive_c/windows/system32/d3dx9_41.dll	/opt/wine-staging/lib/wine/x86_64-windows/d3dx9_41.dll
/home/captvty/.wine/drive_c/windows/syswow64/wpcap.dll	/opt/wine-staging/lib/wine/i386-windows/wpcap.dll
/home/captvty/.wine/drive_c/windows/syswow64/tapi32.dll	/opt/wine-staging/lib/wine/i386-windows/tapi32.dll
/home/captvty/.wine/drive_c/windows/syswow64/acledit.dll	/opt/wine-staging/lib/wine/i386-windows/acledit.dll
/home/captvty/.wine/drive_c/windows/system32/dsuiext.dll	/opt/wine-staging/lib/wine/x86_64-windows/dsuiext.dll
/home/captvty/.wine/drive_c/windows/system32/dmime.dll	/opt/wine-staging/lib/wine/x86_64-windows/dmime.dll
/home/captvty/.wine/drive_c/windows/system32/msident.dll	/opt/wine-staging/lib/wine/x86_64-windows/msident.dll
/home/captvty/.wine/drive_c/windows/system32/wintrust.dll	/opt/wine-staging/lib/wine/x86_64-windows/wintrust.dll
/home/captvty/.wine/drive_c/windows/system32/rometadata.dll	/opt/wine-staging/lib/wine/x86_64-windows/rometadata.dll
/home/captvty/.wine/drive_c/windows/system32/mgmtapi.dll	/opt/wine-staging/lib/wine/x86_64-windows/mgmtapi.dll
/home/captvty/.wine/drive_c/windows/system32/coremessaging.dll	/opt/wine-staging/lib/wine/x86_64-windows/coremessaging.dll
/home/captvty/.wine/drive_c/windows/syswow64/winevdm.exe	/opt/wine-staging/lib/wine/i386-windows/winevdm.exe
/home/captvty/.wine/drive_c/windows/system32/mscms.dll	/opt/wine-staging/lib/wine/x86_64-windows/mscms.dll
/home/captvty/.wine/drive_c/windows/system32/msacm32.drv	/opt/wine-staging/lib/wine/x86_64-windows/msacm32.drv
/home/captvty/.wine/drive_c/windows/syswow64/ninput.dll	/opt/wine-staging/lib/wine/i386-windows/ninput.dll
/home/captvty/.wine/drive_c/windows/system32/d3dcompiler_41.dll	/opt/wine-staging/lib/wine/x86_64-windows/d3dcompiler_41.dll
/home/captvty/.wine/drive_c/windows/system32/xactengine3_7.dll	/opt/wine-staging/lib/wine/x86_64-windows/xactengine3_7.dll
/home/captvty/.wine/drive_c/windows/syswow64/ksproxy.ax	/opt/wine-staging/lib/wine/i386-windows/ksproxy.ax
/home/captvty/.wine/drive_c/windows/system32/clock.exe	/opt/wine-staging/lib/wine/x86_64-windows/clock.exe
/home/captvty/.wine/drive_c/windows/syswow64/svrapi.dll	/opt/wine-staging/lib/wine/i386-windows/svrapi.dll
/home/captvty/.wine/drive_c/windows/system32/gphoto2.ds	/opt/wine-staging/lib/wine/x86_64-windows/gphoto2.ds
/home/captvty/.wine/drive_c/windows/twain_64/gphoto2.ds	/opt/wine-staging/lib/wine/x86_64-windows/gphoto2.ds
/home/captvty/.wine/drive_c/windows/syswow64/wpc.dll	/opt/wine-staging/lib/wine/i386-windows/wpc.dll
/home/captvty/.wine/drive_c/windows/syswow64/vcomp140.dll	/opt/wine-staging/lib/wine/i386-windows/vcomp140.dll
/home/captvty/.wine/drive_c/windows/system32/c_10021.nls	/opt/wine-staging/share/wine/nls/c_10021.nls
/home/captvty/.wine/drive_c/windows/syswow64/c_10021.nls	/opt/wine-staging/share/wine/nls/c_10021.nls
/home/captvty/.wine/drive_c/windows/system32/dbghelp.dll	/opt/wine-staging/lib/wine/x86_64-windows/dbghelp.dll
/home/captvty/.wine/drive_c/windows/syswow64/netprofm.dll	/opt/wine-staging/lib/wine/i386-windows/netprofm.dll
/home/captvty/.wine/drive_c/windows/syswow64/activeds.tlb	/opt/wine-staging/lib/wine/i386-windows/activeds.tlb
/home/captvty/.wine/drive_c/windows/syswow64/lodctr.exe	/opt/wine-staging/lib/wine/i386-windows/lodctr.exe
/home/captvty/.wine/drive_c/windows/system32/locale.nls	/opt/wine-staging/share/wine/nls/locale.nls
/home/captvty/.wine/drive_c/windows/syswow64/locale.nls	/opt/wine-staging/share/wine/nls/locale.nls
/home/captvty/.wine/drive_c/windows/syswow64/shutdown.exe	/opt/wine-staging/lib/wine/i386-windows/shutdown.exe
/home/captvty/.wine/drive_c/windows/system32/d3dim.dll	/opt/wine-staging/lib/wine/x86_64-windows/d3dim.dll
/home/captvty/.wine/drive_c/windows/system32/sort.exe	/opt/wine-staging/lib/wine/x86_64-windows/sort.exe
/home/captvty/.wine/drive_c/windows/syswow64/WindowsPowerShell/v1.0/powershell.exe	/opt/wine-staging/lib/wine/i386-windows/powershell.exe
/home/captvty/.wine/drive_c/windows/syswow64/xactengine3_2.dll	/opt/wine-staging/lib/wine/i386-windows/xactengine3_2.dll
/home/captvty/.wine/drive_c/windows/syswow64/mspatcha.dll	/opt/wine-staging/lib/wine/i386-windows/mspatcha.dll
/home/captvty/.wine/drive_c/windows/system32/tapi32.dll	/opt/wine-staging/lib/wine/x86_64-windows/tapi32.dll
/home/captvty/.wine/drive_c/windows/syswow64/vga.dll	/opt/wine-staging/lib/wine/i386-windows/vga.dll
/home/captvty/.wine/drive_c/windows/syswow64/dmime.dll	/opt/wine-staging/lib/wine/i386-windows/dmime.dll
/home/captvty/.wine/drive_c/windows/system32/xcopy.exe	/opt/wine-staging/lib/wine/x86_64-windows/xcopy.exe
/home/captvty/.wine/drive_c/windows/syswow64/qmgrprxy.dll	/opt/wine-staging/lib/wine/i386-windows/qmgrprxy.dll
/home/captvty/.wine/drive_c/windows/system32/iprop.dll	/opt/wine-staging/lib/wine/x86_64-windows/iprop.dll
/home/captvty/.wine/drive_c/windows/syswow64/dbghelp.dll	/opt/wine-staging/lib/wine/i386-windows/dbghelp.dll
/home/captvty/.wine/drive_c/windows/system32/ksuser.dll	/opt/wine-staging/lib/wine/x86_64-windows/ksuser.dll
/home/captvty/.wine/drive_c/windows/syswow64/windows.security.authentication.onlineid.dll	/opt/wine-staging/lib/wine/i386-windows/windows.security.authentication.onlineid.dll
/home/captvty/.wine/drive_c/windows/system32/activeds.dll	/opt/wine-staging/lib/wine/x86_64-windows/activeds.dll
/home/captvty/.wine/drive_c/windows/syswow64/irprops.cpl	/opt/wine-staging/lib/wine/i386-windows/irprops.cpl
/home/captvty/.wine/drive_c/windows/syswow64/net.exe	/opt/wine-staging/lib/wine/i386-windows/net.exe
/home/captvty/.wine/drive_c/windows/syswow64/xinput1_4.dll	/opt/wine-staging/lib/wine/i386-windows/xinput1_4.dll
/home/captvty/.wine/drive_c/windows/system32/xapofx1_2.dll	/opt/wine-staging/lib/wine/x86_64-windows/xapofx1_2.dll
/home/captvty/.wine/drive_c/windows/syswow64/cryptui.dll	/opt/wine-staging/lib/wine/i386-windows/cryptui.dll
/home/captvty/.wine/drive_c/windows/system32/fltlib.dll	/opt/wine-staging/lib/wine/x86_64-windows/fltlib.dll
/home/captvty/.wine/drive_c/windows/syswow64/dpnaddr.dll	/opt/wine-staging/lib/wine/i386-windows/dpnaddr.dll
/home/captvty/.wine/drive_c/windows/system32/winebrowser.exe	/opt/wine-staging/lib/wine/x86_64-windows/winebrowser.exe
/home/captvty/.wine/drive_c/windows/syswow64/inetmib1.dll	/opt/wine-staging/lib/wine/i386-windows/inetmib1.dll
/home/captvty/.wine/drive_c/windows/syswow64/sas.dll	/opt/wine-staging/lib/wine/i386-windows/sas.dll
/home/captvty/.wine/drive_c/windows/system32/d3drm.dll	/opt/wine-staging/lib/wine/x86_64-windows/d3drm.dll
/home/captvty/.wine/drive_c/windows/system32/windows.devices.bluetooth.dll	/opt/wine-staging/lib/wine/x86_64-windows/windows.devices.bluetooth.dll
/home/captvty/.wine/drive_c/windows/system32/cryptbase.dll	/opt/wine-staging/lib/wine/x86_64-windows/cryptbase.dll
/home/captvty/.wine/drive_c/windows/system32/shlwapi.dll	/opt/wine-staging/lib/wine/x86_64-windows/shlwapi.dll
/home/captvty/.wine/drive_c/windows/syswow64/coml2.dll	/opt/wine-staging/lib/wine/i386-windows/coml2.dll
/home/captvty/.wine/drive_c/windows/syswow64/oleview.exe	/opt/wine-staging/lib/wine/i386-windows/oleview.exe
/home/captvty/.wine/drive_c/windows/system32/d3dx9_43.dll	/opt/wine-staging/lib/wine/x86_64-windows/d3dx9_43.dll
/home/captvty/.wine/drive_c/windows/system32/winepath.exe	/opt/wine-staging/lib/wine/x86_64-windows/winepath.exe
/home/captvty/.wine/drive_c/windows/syswow64/ksuser.dll	/opt/wine-staging/lib/wine/i386-windows/ksuser.dll
/home/captvty/.wine/drive_c/windows/syswow64/comcat.dll	/opt/wine-staging/lib/wine/i386-windows/comcat.dll
/home/captvty/.wine/drive_c/windows/syswow64/uninstaller.exe	/opt/wine-staging/lib/wine/i386-windows/uninstaller.exe
/home/captvty/.wine/drive_c/windows/system32/imagehlp.dll	/opt/wine-staging/lib/wine/x86_64-windows/imagehlp.dll
/home/captvty/.wine/drive_c/windows/system32/hostname.exe	/opt/wine-staging/lib/wine/x86_64-windows/hostname.exe
/home/captvty/.wine/drive_c/windows/system32/d3dx9_33.dll	/opt/wine-staging/lib/wine/x86_64-windows/d3dx9_33.dll
/home/captvty/.wine/drive_c/windows/syswow64/windows.graphics.dll	/opt/wine-staging/lib/wine/i386-windows/windows.graphics.dll
/home/captvty/.wine/drive_c/windows/syswow64/prntvpt.dll	/opt/wine-staging/lib/wine/i386-windows/prntvpt.dll
/home/captvty/.wine/drive_c/windows/system32/msctfp.dll	/opt/wine-staging/lib/wine/x86_64-windows/msctfp.dll
/home/captvty/.wine/drive_c/windows/syswow64/msnet32.dll	/opt/wine-staging/lib/wine/i386-windows/msnet32.dll
/home/captvty/.wine/drive_c/windows/system32/explorerframe.dll	/opt/wine-staging/lib/wine/x86_64-windows/explorerframe.dll
/home/captvty/.wine/drive_c/windows/syswow64/msftedit.dll	/opt/wine-staging/lib/wine/i386-windows/msftedit.dll
/home/captvty/.wine/drive_c/windows/system32/d3dx9_36.dll	/opt/wine-staging/lib/wine/x86_64-windows/d3dx9_36.dll
/home/captvty/.wine/drive_c/windows/syswow64/thumbcache.dll	/opt/wine-staging/lib/wine/i386-windows/thumbcache.dll
/home/captvty/.wine/drive_c/windows/syswow64/wldap32.dll	/opt/wine-staging/lib/wine/i386-windows/wldap32.dll
/home/captvty/.wine/drive_c/windows/system32/xinput1_3.dll	/opt/wine-staging/lib/wine/x86_64-windows/xinput1_3.dll
/home/captvty/.wine/drive_c/windows/syswow64/cryptdll.dll	/opt/wine-staging/lib/wine/i386-windows/cryptdll.dll
/home/captvty/.wine/drive_c/windows/system32/difxapi.dll	/opt/wine-staging/lib/wine/x86_64-windows/difxapi.dll
/home/captvty/.wine/drive_c/windows/syswow64/avrt.dll	/opt/wine-staging/lib/wine/i386-windows/avrt.dll
/home/captvty/.wine/drive_c/windows/system32/subst.exe	/opt/wine-staging/lib/wine/x86_64-windows/subst.exe
/home/captvty/.wine/drive_c/windows/syswow64/windows.storage.applicationdata.dll	/opt/wine-staging/lib/wine/i386-windows/windows.storage.applicationdata.dll
/home/captvty/.wine/drive_c/windows/syswow64/fwpuclnt.dll	/opt/wine-staging/lib/wine/i386-windows/fwpuclnt.dll
/home/captvty/.wine/drive_c/windows/system32/odbcbcp.dll	/opt/wine-staging/lib/wine/x86_64-windows/odbcbcp.dll
/home/captvty/.wine/drive_c/windows/system32/mferror.dll	/opt/wine-staging/lib/wine/x86_64-windows/mferror.dll
/home/captvty/.wine/drive_c/windows/system32/x3daudio1_0.dll	/opt/wine-staging/lib/wine/x86_64-windows/x3daudio1_0.dll
/home/captvty/.wine/drive_c/windows/system32/winegstreamer.dll	/opt/wine-staging/lib/wine/x86_64-windows/winegstreamer.dll
/home/captvty/.wine/drive_c/windows/system32/windows.gaming.input.dll	/opt/wine-staging/lib/wine/x86_64-windows/windows.gaming.input.dll
/home/captvty/.wine/drive_c/windows/syswow64/ipconfig.exe	/opt/wine-staging/lib/wine/i386-windows/ipconfig.exe
/home/captvty/.wine/drive_c/windows/system32/wpcap.dll	/opt/wine-staging/lib/wine/x86_64-windows/wpcap.dll
/home/captvty/.wine/drive_c/windows/syswow64/msvcp60.dll	/opt/wine-staging/lib/wine/i386-windows/msvcp60.dll
/home/captvty/.wine/drive_c/windows/resources/themes/aero/aero.msstyles	/opt/wine-staging/lib/wine/x86_64-windows/aero.msstyles
/home/captvty/.wine/drive_c/windows/syswow64/oleacc.dll	/opt/wine-staging/lib/wine/i386-windows/oleacc.dll
/home/captvty/.wine/drive_c/windows/system32/ctl3d32.dll	/opt/wine-staging/lib/wine/x86_64-windows/ctl3d32.dll
/home/captvty/.wine/drive_c/windows/system32/winsqlite3.dll	/opt/wine-staging/lib/wine/x86_64-windows/winsqlite3.dll
/home/captvty/.wine/drive_c/windows/system32/xactengine3_0.dll	/opt/wine-staging/lib/wine/x86_64-windows/xactengine3_0.dll
/home/captvty/.wine/drive_c/windows/syswow64/d3d10.dll	/opt/wine-staging/lib/wine/i386-windows/d3d10.dll
/home/captvty/.wine/drive_c/windows/system32/winewayland.drv	/opt/wine-staging/lib/wine/x86_64-windows/winewayland.drv
/home/captvty/.wine/drive_c/windows/syswow64/systeminfo.exe	/opt/wine-staging/lib/wine/i386-windows/systeminfo.exe
/home/captvty/.wine/drive_c/windows/system32/windows.gaming.ui.gamebar.dll	/opt/wine-staging/lib/wine/x86_64-windows/windows.gaming.ui.gamebar.dll
/home/captvty/.wine/drive_c/windows/syswow64/photometadatahandler.dll	/opt/wine-staging/lib/wine/i386-windows/photometadatahandler.dll
/home/captvty/.wine/drive_c/windows/syswow64/mferror.dll	/opt/wine-staging/lib/wine/i386-windows/mferror.dll
/home/captvty/.wine/drive_c/windows/syswow64/schtasks.exe	/opt/wine-staging/lib/wine/i386-windows/schtasks.exe
/home/captvty/.wine/drive_c/windows/syswow64/xaudio2_3.dll	/opt/wine-staging/lib/wine/i386-windows/xaudio2_3.dll
/home/captvty/.wine/drive_c/windows/system32/npptools.dll	/opt/wine-staging/lib/wine/x86_64-windows/npptools.dll
/home/captvty/.wine/drive_c/windows/system32/d3dx11_42.dll	/opt/wine-staging/lib/wine/x86_64-windows/d3dx11_42.dll
/home/captvty/.wine/drive_c/windows/system32/dpnlobby.dll	/opt/wine-staging/lib/wine/x86_64-windows/dpnlobby.dll
/home/captvty/.wine/drive_c/windows/syswow64/windows.gaming.ui.gamebar.dll	/opt/wine-staging/lib/wine/i386-windows/windows.gaming.ui.gamebar.dll
/home/captvty/.wine/drive_c/windows/syswow64/davclnt.dll	/opt/wine-staging/lib/wine/i386-windows/davclnt.dll
/home/captvty/.wine/drive_c/windows/system32/ktmw32.dll	/opt/wine-staging/lib/wine/x86_64-windows/ktmw32.dll
/home/captvty/.wine/drive_c/windows/syswow64/colorcnv.dll	/opt/wine-staging/lib/wine/i386-windows/colorcnv.dll
/home/captvty/.wine/drive_c/windows/system32/mcicda.dll	/opt/wine-staging/lib/wine/x86_64-windows/mcicda.dll
/home/captvty/.wine/drive_c/windows/system32/d3dx9_40.dll	/opt/wine-staging/lib/wine/x86_64-windows/d3dx9_40.dll
/home/captvty/.wine/drive_c/windows/system32/qwave.dll	/opt/wine-staging/lib/wine/x86_64-windows/qwave.dll
/home/captvty/.wine/drive_c/windows/system32/eject.exe	/opt/wine-staging/lib/wine/x86_64-windows/eject.exe
/home/captvty/.wine/drive_c/windows/syswow64/d3dx9_43.dll	/opt/wine-staging/lib/wine/i386-windows/d3dx9_43.dll
/home/captvty/.wine/drive_c/windows/system32/gameux.dll	/opt/wine-staging/lib/wine/x86_64-windows/gameux.dll
/home/captvty/.wine/drive_c/windows/system32/ia2comproxy.dll	/opt/wine-staging/lib/wine/x86_64-windows/ia2comproxy.dll
/home/captvty/.wine/drive_c/windows/syswow64/makecab.exe	/opt/wine-staging/lib/wine/i386-windows/makecab.exe
/home/captvty/.wine/drive_c/windows/system32/where.exe	/opt/wine-staging/lib/wine/x86_64-windows/where.exe
/home/captvty/.wine/drive_c/windows/syswow64/gdi32.dll	/opt/wine-staging/lib/wine/i386-windows/gdi32.dll
/home/captvty/.wine/drive_c/windows/system32/hal.dll	/opt/wine-staging/lib/wine/x86_64-windows/hal.dll
/home/captvty/.wine/drive_c/windows/system32/ieproxy.dll	/opt/wine-staging/lib/wine/x86_64-windows/ieproxy.dll
/home/captvty/.wine/drive_c/windows/system32/winemsibuilder.exe	/opt/wine-staging/lib/wine/x86_64-windows/winemsibuilder.exe
/home/captvty/.wine/drive_c/windows/syswow64/sppc.dll	/opt/wine-staging/lib/wine/i386-windows/sppc.dll
/home/captvty/.wine/drive_c/windows/system32/cacls.exe	/opt/wine-staging/lib/wine/x86_64-windows/cacls.exe
/home/captvty/.wine/drive_c/windows/system32/windows.media.mediacontrol.dll	/opt/wine-staging/lib/wine/x86_64-windows/windows.media.mediacontrol.dll
/home/captvty/.wine/drive_c/windows/syswow64/devenum.dll	/opt/wine-staging/lib/wine/i386-windows/devenum.dll
/home/captvty/.wine/drive_c/windows/system32/vcomp90.dll	/opt/wine-staging/lib/wine/x86_64-windows/vcomp90.dll
/home/captvty/.wine/drive_c/windows/system32/dmband.dll	/opt/wine-staging/lib/wine/x86_64-windows/dmband.dll
/home/captvty/.wine/drive_c/windows/system32/msvcp140_1.dll	/opt/wine-staging/lib/wine/x86_64-windows/msvcp140_1.dll
/home/captvty/.wine/drive_c/windows/system32/dllhost.exe	/opt/wine-staging/lib/wine/x86_64-windows/dllhost.exe
/home/captvty/.wine/drive_c/windows/syswow64/winemine.exe	/opt/wine-staging/lib/wine/i386-windows/winemine.exe
/home/captvty/.wine/drive_c/windows/system32/msvcp140_2.dll	/opt/wine-staging/lib/wine/x86_64-windows/msvcp140_2.dll
/home/captvty/.wine/drive_c/windows/system32/amstream.dll	/opt/wine-staging/lib/wine/x86_64-windows/amstream.dll
/home/captvty/.wine/drive_c/windows/system32/wlanapi.dll	/opt/wine-staging/lib/wine/x86_64-windows/wlanapi.dll
/home/captvty/.wine/drive_c/windows/syswow64/twinapi.appcore.dll	/opt/wine-staging/lib/wine/i386-windows/twinapi.appcore.dll
/home/captvty/.wine/drive_c/windows/system32/cldapi.dll	/opt/wine-staging/lib/wine/x86_64-windows/cldapi.dll
/home/captvty/.wine/drive_c/windows/syswow64/dplayx.dll	/opt/wine-staging/lib/wine/i386-windows/dplayx.dll
/home/captvty/.wine/drive_c/windows/system32/shell32.dll	/opt/wine-staging/lib/wine/x86_64-windows/shell32.dll
/home/captvty/.wine/drive_c/windows/syswow64/msvdsp.dll	/opt/wine-staging/lib/wine/i386-windows/msvdsp.dll
/home/captvty/.wine/drive_c/windows/system32/xinput9_1_0.dll	/opt/wine-staging/lib/wine/x86_64-windows/xinput9_1_0.dll
/home/captvty/.wine/drive_c/windows/system32/propsys.dll	/opt/wine-staging/lib/wine/x86_64-windows/propsys.dll
/home/captvty/.wine/drive_c/windows/syswow64/riched20.dll	/opt/wine-staging/lib/wine/i386-windows/riched20.dll
/home/captvty/.wine/drive_c/windows/syswow64/samlib.dll	/opt/wine-staging/lib/wine/i386-windows/samlib.dll
/home/captvty/.wine/drive_c/windows/system32/dmusic32.dll	/opt/wine-staging/lib/wine/x86_64-windows/dmusic32.dll
/home/captvty/.wine/drive_c/windows/syswow64/cscript.exe	/opt/wine-staging/lib/wine/i386-windows/cscript.exe
/home/captvty/.wine/drive_c/windows/syswow64/msvcr100.dll	/opt/wine-staging/lib/wine/i386-windows/msvcr100.dll
/home/captvty/.wine/drive_c/windows/syswow64/dssenh.dll	/opt/wine-staging/lib/wine/i386-windows/dssenh.dll
/home/captvty/.wine/drive_c/windows/syswow64/cryptsp.dll	/opt/wine-staging/lib/wine/i386-windows/cryptsp.dll
/home/captvty/.wine/drive_c/windows/syswow64/windows.media.speech.dll	/opt/wine-staging/lib/wine/i386-windows/windows.media.speech.dll
/home/captvty/.wine/drive_c/windows/system32/wow64win.dll	/opt/wine-staging/lib/wine/x86_64-windows/wow64win.dll
/home/captvty/.wine/drive_c/windows/syswow64/secedit.exe	/opt/wine-staging/lib/wine/i386-windows/secedit.exe
/home/captvty/.wine/drive_c/windows/system32/d3dx9_29.dll	/opt/wine-staging/lib/wine/x86_64-windows/d3dx9_29.dll
/home/captvty/.wine/drive_c/windows/system32/winedmo.dll	/opt/wine-staging/lib/wine/x86_64-windows/winedmo.dll
/home/captvty/.wine/drive_c/windows/syswow64/connect.dll	/opt/wine-staging/lib/wine/i386-windows/connect.dll
/home/captvty/.wine/drive_c/windows/syswow64/iccvid.dll	/opt/wine-staging/lib/wine/i386-windows/iccvid.dll
/home/captvty/.wine/drive_c/windows/syswow64/d3d11.dll	/opt/wine-staging/lib/wine/i386-windows/d3d11.dll
/home/captvty/.wine/drive_c/windows/system32/directmanipulation.dll	/opt/wine-staging/lib/wine/x86_64-windows/directmanipulation.dll
/home/captvty/.wine/drive_c/windows/system32/msscript.ocx	/opt/wine-staging/lib/wine/x86_64-windows/msscript.ocx
/home/captvty/.wine/drive_c/windows/system32/hlink.dll	/opt/wine-staging/lib/wine/x86_64-windows/hlink.dll
/home/captvty/.wine/drive_c/windows/system32/plugplay.exe	/opt/wine-staging/lib/wine/x86_64-windows/plugplay.exe
/home/captvty/.wine/drive_c/windows/system32/mfmp4srcsnk.dll	/opt/wine-staging/lib/wine/x86_64-windows/mfmp4srcsnk.dll
/home/captvty/.wine/drive_c/windows/system32/advapi32.dll	/opt/wine-staging/lib/wine/x86_64-windows/advapi32.dll
/home/captvty/.wine/drive_c/windows/system32/x3daudio1_5.dll	/opt/wine-staging/lib/wine/x86_64-windows/x3daudio1_5.dll
/home/captvty/.wine/drive_c/windows/syswow64/psapi.dll	/opt/wine-staging/lib/wine/i386-windows/psapi.dll
/home/captvty/.wine/drive_c/windows/syswow64/nddeapi.dll	/opt/wine-staging/lib/wine/i386-windows/nddeapi.dll
/home/captvty/.wine/drive_c/windows/system32/d3d11.dll	/opt/wine-staging/lib/wine/x86_64-windows/d3d11.dll
/home/captvty/.wine/drive_c/windows/syswow64/windows.perception.stub.dll	/opt/wine-staging/lib/wine/i386-windows/windows.perception.stub.dll
/home/captvty/.wine/drive_c/windows/system32/c_1258.nls	/opt/wine-staging/share/wine/nls/c_1258.nls
/home/captvty/.wine/drive_c/windows/syswow64/c_1258.nls	/opt/wine-staging/share/wine/nls/c_1258.nls
/home/captvty/.wine/drive_c/windows/system32/c_500.nls	/opt/wine-staging/share/wine/nls/c_500.nls
/home/captvty/.wine/drive_c/windows/syswow64/c_500.nls	/opt/wine-staging/share/wine/nls/c_500.nls
/home/captvty/.wine/drive_c/windows/system32/drivers/winebth.sys	/opt/wine-staging/lib/wine/x86_64-windows/winebth.sys
/home/captvty/.wine/drive_c/windows/system32/wbem/mofcomp.exe	/opt/wine-staging/lib/wine/x86_64-windows/mofcomp.exe
/home/captvty/.wine/drive_c/windows/system32/colorcnv.dll	/opt/wine-staging/lib/wine/x86_64-windows/colorcnv.dll
/home/captvty/.wine/drive_c/windows/system32/drivers/hidclass.sys	/opt/wine-staging/lib/wine/x86_64-windows/hidclass.sys
/home/captvty/.wine/drive_c/windows/syswow64/scarddlg.dll	/opt/wine-staging/lib/wine/i386-windows/scarddlg.dll
/home/captvty/.wine/drive_c/windows/system32/cmd.exe	/opt/wine-staging/lib/wine/x86_64-windows/cmd.exe
/home/captvty/.wine/drive_c/windows/syswow64/vcomp120.dll	/opt/wine-staging/lib/wine/i386-windows/vcomp120.dll
/home/captvty/.wine/drive_c/windows/syswow64/icmp.dll	/opt/wine-staging/lib/wine/i386-windows/icmp.dll
/home/captvty/.wine/drive_c/windows/syswow64/runas.exe	/opt/wine-staging/lib/wine/i386-windows/runas.exe
/home/captvty/.wine/drive_c/windows/system32/c_28605.nls	/opt/wine-staging/share/wine/nls/c_28605.nls
/home/captvty/.wine/drive_c/windows/syswow64/c_28605.nls	/opt/wine-staging/share/wine/nls/c_28605.nls
/home/captvty/.wine/drive_c/windows/syswow64/xactengine3_0.dll	/opt/wine-staging/lib/wine/i386-windows/xactengine3_0.dll
/home/captvty/.wine/drive_c/windows/syswow64/imaadp32.acm	/opt/wine-staging/lib/wine/i386-windows/imaadp32.acm
/home/captvty/.wine/drive_c/windows/system32/serialui.dll	/opt/wine-staging/lib/wine/x86_64-windows/serialui.dll
/home/captvty/.wine/drive_c/windows/syswow64/amstream.dll	/opt/wine-staging/lib/wine/i386-windows/amstream.dll
/home/captvty/.wine/drive_c/windows/syswow64/msisys.ocx	/opt/wine-staging/lib/wine/i386-windows/msisys.ocx
/home/captvty/.wine/drive_c/windows/system32/c_737.nls	/opt/wine-staging/share/wine/nls/c_737.nls
/home/captvty/.wine/drive_c/windows/syswow64/c_737.nls	/opt/wine-staging/share/wine/nls/c_737.nls
/home/captvty/.wine/drive_c/windows/system32/taskschd.dll	/opt/wine-staging/lib/wine/x86_64-windows/taskschd.dll
/home/captvty/.wine/drive_c/windows/syswow64/dpvoice.dll	/opt/wine-staging/lib/wine/i386-windows/dpvoice.dll
/home/captvty/.wine/drive_c/Program Files (x86)/Common Files/System/ADO/msado15.dll	/opt/wine-staging/lib/wine/i386-windows/msado15.dll
/home/captvty/.wine/drive_c/windows/syswow64/mfsrcsnk.dll	/opt/wine-staging/lib/wine/i386-windows/mfsrcsnk.dll
/home/captvty/.wine/drive_c/windows/system32/d2d1.dll	/opt/wine-staging/lib/wine/x86_64-windows/d2d1.dll
/home/captvty/.wine/drive_c/windows/system32/d3dx10_42.dll	/opt/wine-staging/lib/wine/x86_64-windows/d3dx10_42.dll
/home/captvty/.wine/drive_c/windows/system32/gecko/plugin/npmshtml.dll	/opt/wine-staging/lib/wine/x86_64-windows/npmshtml.dll
/home/captvty/.wine/drive_c/windows/syswow64/d3d8thk.dll	/opt/wine-staging/lib/wine/i386-windows/d3d8thk.dll
/home/captvty/.wine/drive_c/windows/syswow64/updspapi.dll	/opt/wine-staging/lib/wine/i386-windows/updspapi.dll
/home/captvty/.wine/drive_c/windows/system32/msisys.ocx	/opt/wine-staging/lib/wine/x86_64-windows/msisys.ocx
/home/captvty/.wine/drive_c/windows/syswow64/msvcp140_codecvt_ids.dll	/opt/wine-staging/lib/wine/i386-windows/msvcp140_codecvt_ids.dll
/home/captvty/.wine/drive_c/windows/system32/wsnmp32.dll	/opt/wine-staging/lib/wine/x86_64-windows/wsnmp32.dll
/home/captvty/.wine/drive_c/windows/syswow64/kerberos.dll	/opt/wine-staging/lib/wine/i386-windows/kerberos.dll
/home/captvty/.wine/drive_c/windows/system32/msvcr120.dll	/opt/wine-staging/lib/wine/x86_64-windows/msvcr120.dll
/home/captvty/.wine/drive_c/windows/system32/c_850.nls	/opt/wine-staging/share/wine/nls/c_850.nls
/home/captvty/.wine/drive_c/windows/syswow64/c_850.nls	/opt/wine-staging/share/wine/nls/c_850.nls
/home/captvty/.wine/drive_c/windows/system32/c_20127.nls	/opt/wine-staging/share/wine/nls/c_20127.nls
/home/captvty/.wine/drive_c/windows/syswow64/c_20127.nls	/opt/wine-staging/share/wine/nls/c_20127.nls
/home/captvty/.wine/drive_c/windows/syswow64/resampledmo.dll	/opt/wine-staging/lib/wine/i386-windows/resampledmo.dll
/home/captvty/.wine/drive_c/windows/system32/objsel.dll	/opt/wine-staging/lib/wine/x86_64-windows/objsel.dll
/home/captvty/.wine/drive_c/windows/syswow64/xinput1_2.dll	/opt/wine-staging/lib/wine/i386-windows/xinput1_2.dll
/home/captvty/.wine/drive_c/windows/syswow64/vnetbios.vxd	/opt/wine-staging/lib/wine/i386-windows/vnetbios.vxd
/home/captvty/.wine/drive_c/windows/system32/geolocation.dll	/opt/wine-staging/lib/wine/x86_64-windows/geolocation.dll
/home/captvty/.wine/drive_c/windows/system32/mf.dll	/opt/wine-staging/lib/wine/x86_64-windows/mf.dll
/home/captvty/.wine/drive_c/windows/system32/drivers/usbd.sys	/opt/wine-staging/lib/wine/x86_64-windows/usbd.sys
/home/captvty/.wine/drive_c/windows/syswow64/regini.exe	/opt/wine-staging/lib/wine/i386-windows/regini.exe
/home/captvty/.wine/drive_c/windows/system32/xinputuap.dll	/opt/wine-staging/lib/wine/x86_64-windows/xinputuap.dll
/home/captvty/.wine/drive_c/windows/syswow64/x3daudio1_6.dll	/opt/wine-staging/lib/wine/i386-windows/x3daudio1_6.dll
/home/captvty/.wine/drive_c/windows/syswow64/msvcp80.dll	/opt/wine-staging/lib/wine/i386-windows/msvcp80.dll
/home/captvty/.wine/drive_c/windows/winsxs/x86_microsoft.vc80.crt_1fc8b3b9a1e18e3b_8.0.50727.9672_none_deadbeef/msvcp80.dll	/opt/wine-staging/lib/wine/i386-windows/msvcp80.dll
/home/captvty/.wine/drive_c/windows/syswow64/d3dcompiler_36.dll	/opt/wine-staging/lib/wine/i386-windows/d3dcompiler_36.dll
/home/captvty/.wine/drive_c/windows/system32/mapistub.dll	/opt/wine-staging/lib/wine/x86_64-windows/mapistub.dll
/home/captvty/.wine/drive_c/windows/system32/win32k.sys	/opt/wine-staging/lib/wine/x86_64-windows/win32k.sys
/home/captvty/.wine/drive_c/windows/syswow64/hal.dll	/opt/wine-staging/lib/wine/i386-windows/hal.dll
/home/captvty/.wine/drive_c/windows/syswow64/inseng.dll	/opt/wine-staging/lib/wine/i386-windows/inseng.dll
/home/captvty/.wine/drive_c/windows/system32/windows.security.authentication.onlineid.dll	/opt/wine-staging/lib/wine/x86_64-windows/windows.security.authentication.onlineid.dll
/home/captvty/.wine/drive_c/windows/syswow64/ws2_32.dll	/opt/wine-staging/lib/wine/i386-windows/ws2_32.dll
/home/captvty/.wine/drive_c/windows/syswow64/strmdll.dll	/opt/wine-staging/lib/wine/i386-windows/strmdll.dll
/home/captvty/.wine/drive_c/windows/system32/c_10006.nls	/opt/wine-staging/share/wine/nls/c_10006.nls
/home/captvty/.wine/drive_c/windows/syswow64/c_10006.nls	/opt/wine-staging/share/wine/nls/c_10006.nls
/home/captvty/.wine/drive_c/windows/system32/utildll.dll	/opt/wine-staging/lib/wine/x86_64-windows/utildll.dll
/home/captvty/.wine/drive_c/windows/system32/d3dcompiler_36.dll	/opt/wine-staging/lib/wine/x86_64-windows/d3dcompiler_36.dll
/home/captvty/.wine/drive_c/windows/syswow64/crtdll.dll	/opt/wine-staging/lib/wine/i386-windows/crtdll.dll
/home/captvty/.wine/drive_c/windows/syswow64/esent.dll	/opt/wine-staging/lib/wine/i386-windows/esent.dll
/home/captvty/.wine/drive_c/windows/syswow64/ieframe.dll	/opt/wine-staging/lib/wine/i386-windows/ieframe.dll
/home/captvty/.wine/drive_c/windows/syswow64/d3dcompiler_39.dll	/opt/wine-staging/lib/wine/i386-windows/d3dcompiler_39.dll
/home/captvty/.wine/drive_c/windows/system32/winmetadata/windows.graphics.winmd	/opt/wine-staging/share/wine/winmd/windows.graphics.winmd
/home/captvty/.wine/drive_c/windows/syswow64/winmetadata/windows.graphics.winmd	/opt/wine-staging/share/wine/winmd/windows.graphics.winmd
/home/captvty/.wine/drive_c/windows/syswow64/wined3d.dll	/opt/wine-staging/lib/wine/i386-windows/wined3d.dll
/home/captvty/.wine/drive_c/windows/system32/d3dx10_43.dll	/opt/wine-staging/lib/wine/x86_64-windows/d3dx10_43.dll
/home/captvty/.wine/drive_c/windows/syswow64/msvcrt20.dll	/opt/wine-staging/lib/wine/i386-windows/msvcrt20.dll
/home/captvty/.wine/drive_c/windows/syswow64/cryptnet.dll	/opt/wine-staging/lib/wine/i386-windows/cryptnet.dll
/home/captvty/.wine/drive_c/windows/twain_32/gphoto2.ds	/opt/wine-staging/lib/wine/i386-windows/gphoto2.ds
/home/captvty/.wine/drive_c/windows/syswow64/mciwave.dll	/opt/wine-staging/lib/wine/i386-windows/mciwave.dll
/home/captvty/.wine/drive_c/windows/system32/dinput.dll	/opt/wine-staging/lib/wine/x86_64-windows/dinput.dll
/home/captvty/.wine/drive_c/windows/system32/dpnet.dll	/opt/wine-staging/lib/wine/x86_64-windows/dpnet.dll
/home/captvty/.wine/drive_c/windows/syswow64/msvcr71.dll	/opt/wine-staging/lib/wine/i386-windows/msvcr71.dll
/home/captvty/.wine/drive_c/windows/syswow64/msxml.dll	/opt/wine-staging/lib/wine/i386-windows/msxml.dll
/home/captvty/.wine/drive_c/windows/system32/msls31.dll	/opt/wine-staging/lib/wine/x86_64-windows/msls31.dll
/home/captvty/.wine/drive_c/windows/syswow64/dxdiag.exe	/opt/wine-staging/lib/wine/i386-windows/dxdiag.exe
/home/captvty/.wine/drive_c/Program Files (x86)/Common Files/System/OLE DB/msdaps.dll	/opt/wine-staging/lib/wine/i386-windows/msdaps.dll
/home/captvty/.wine/drive_c/windows/system32/normnfd.nls	/opt/wine-staging/share/wine/nls/normnfd.nls
/home/captvty/.wine/drive_c/windows/syswow64/normnfd.nls	/opt/wine-staging/share/wine/nls/normnfd.nls
/home/captvty/.wine/drive_c/windows/system32/rstrtmgr.dll	/opt/wine-staging/lib/wine/x86_64-windows/rstrtmgr.dll
/home/captvty/.wine/drive_c/windows/syswow64/xactengine2_4.dll	/opt/wine-staging/lib/wine/i386-windows/xactengine2_4.dll
/home/captvty/.wine/drive_c/windows/system32/c_10010.nls	/opt/wine-staging/share/wine/nls/c_10010.nls
/home/captvty/.wine/drive_c/windows/syswow64/c_10010.nls	/opt/wine-staging/share/wine/nls/c_10010.nls
/home/captvty/.wine/drive_c/windows/syswow64/feclient.dll	/opt/wine-staging/lib/wine/i386-windows/feclient.dll
/home/captvty/.wine/drive_c/windows/syswow64/wmphoto.dll	/opt/wine-staging/lib/wine/i386-windows/wmphoto.dll
/home/captvty/.wine/drive_c/windows/system32/vbscript.dll	/opt/wine-staging/lib/wine/x86_64-windows/vbscript.dll
/home/captvty/.wine/drive_c/windows/syswow64/mtxdm.dll	/opt/wine-staging/lib/wine/i386-windows/mtxdm.dll
/home/captvty/.wine/drive_c/windows/system32/d3dx9_26.dll	/opt/wine-staging/lib/wine/x86_64-windows/d3dx9_26.dll
/home/captvty/.wine/drive_c/windows/system32/vidreszr.dll	/opt/wine-staging/lib/wine/x86_64-windows/vidreszr.dll
/home/captvty/.wine/drive_c/windows/syswow64/winedbg.exe	/opt/wine-staging/lib/wine/i386-windows/winedbg.exe
/home/captvty/.wine/drive_c/windows/system32/rpcss.exe	/opt/wine-staging/lib/wine/x86_64-windows/rpcss.exe
/home/captvty/.wine/drive_c/windows/syswow64/d3dx10_41.dll	/opt/wine-staging/lib/wine/i386-windows/d3dx10_41.dll
/home/captvty/.wine/drive_c/windows/system32/wintab32.dll	/opt/wine-staging/lib/wine/x86_64-windows/wintab32.dll
/home/captvty/.wine/drive_c/windows/syswow64/msadp32.acm	/opt/wine-staging/lib/wine/i386-windows/msadp32.acm
/home/captvty/.wine/drive_c/windows/syswow64/riched32.dll	/opt/wine-staging/lib/wine/i386-windows/riched32.dll
/home/captvty/.wine/drive_c/windows/system32/dsrole.dll	/opt/wine-staging/lib/wine/x86_64-windows/dsrole.dll
/home/captvty/.wine/drive_c/windows/system32/wnaspi32.dll	/opt/wine-staging/lib/wine/x86_64-windows/wnaspi32.dll
/home/captvty/.wine/drive_c/windows/system32/d3dx10_40.dll	/opt/wine-staging/lib/wine/x86_64-windows/d3dx10_40.dll
/home/captvty/.wine/drive_c/windows/system32/stdole32.tlb	/opt/wine-staging/lib/wine/x86_64-windows/stdole32.tlb
/home/captvty/.wine/drive_c/windows/system32/c_862.nls	/opt/wine-staging/share/wine/nls/c_862.nls
/home/captvty/.wine/drive_c/windows/syswow64/c_862.nls	/opt/wine-staging/share/wine/nls/c_862.nls
/home/captvty/.wine/drive_c/windows/syswow64/wkscli.dll	/opt/wine-staging/lib/wine/i386-windows/wkscli.dll
/home/captvty/.wine/drive_c/windows/system32/drivers/fltmgr.sys	/opt/wine-staging/lib/wine/x86_64-windows/fltmgr.sys
/home/captvty/.wine/drive_c/windows/system32/c_1256.nls	/opt/wine-staging/share/wine/nls/c_1256.nls
/home/captvty/.wine/drive_c/windows/syswow64/c_1256.nls	/opt/wine-staging/share/wine/nls/c_1256.nls
/home/captvty/.wine/drive_c/windows/syswow64/dplaysvr.exe	/opt/wine-staging/lib/wine/i386-windows/dplaysvr.exe
/home/captvty/.wine/drive_c/windows/syswow64/graphicscapture.dll	/opt/wine-staging/lib/wine/i386-windows/graphicscapture.dll
/home/captvty/.wine/drive_c/windows/syswow64/wbem/wmiutils.dll	/opt/wine-staging/lib/wine/i386-windows/wmiutils.dll
/home/captvty/.wine/drive_c/windows/system32/cryptxml.dll	/opt/wine-staging/lib/wine/x86_64-windows/cryptxml.dll
/home/captvty/.wine/drive_c/windows/system32/chakra.dll	/opt/wine-staging/lib/wine/x86_64-windows/chakra.dll
/home/captvty/.wine/drive_c/windows/syswow64/d3dx9_28.dll	/opt/wine-staging/lib/wine/i386-windows/d3dx9_28.dll
/home/captvty/.wine/drive_c/windows/system32/dsound.dll	/opt/wine-staging/lib/wine/x86_64-windows/dsound.dll
/home/captvty/.wine/drive_c/windows/system32/msvcp110.dll	/opt/wine-staging/lib/wine/x86_64-windows/msvcp110.dll
/home/captvty/.wine/drive_c/windows/system32/cfgmgr32.dll	/opt/wine-staging/lib/wine/x86_64-windows/cfgmgr32.dll
/home/captvty/.wine/drive_c/windows/system32/ir50_32.dll	/opt/wine-staging/lib/wine/x86_64-windows/ir50_32.dll
/home/captvty/.wine/drive_c/windows/syswow64/shfolder.dll	/opt/wine-staging/lib/wine/i386-windows/shfolder.dll
/home/captvty/.wine/drive_c/windows/syswow64/icacls.exe	/opt/wine-staging/lib/wine/i386-windows/icacls.exe
/home/captvty/.wine/drive_c/windows/system32/spoolsv.exe	/opt/wine-staging/lib/wine/x86_64-windows/spoolsv.exe
/home/captvty/.wine/drive_c/windows/system32/urlmon.dll	/opt/wine-staging/lib/wine/x86_64-windows/urlmon.dll
/home/captvty/.wine/drive_c/windows/system32/xactengine2_4.dll	/opt/wine-staging/lib/wine/x86_64-windows/xactengine2_4.dll
/home/captvty/.wine/drive_c/windows/system32/dplayx.dll	/opt/wine-staging/lib/wine/x86_64-windows/dplayx.dll
/home/captvty/.wine/drive_c/windows/system32/wkscli.dll	/opt/wine-staging/lib/wine/x86_64-windows/wkscli.dll
/home/captvty/.wine/drive_c/windows/syswow64/kernelbase.dll	/opt/wine-staging/lib/wine/i386-windows/kernelbase.dll
/home/captvty/.wine/drive_c/windows/syswow64/msctfmonitor.dll	/opt/wine-staging/lib/wine/i386-windows/msctfmonitor.dll
/home/captvty/.wine/drive_c/windows/syswow64/desk.cpl	/opt/wine-staging/lib/wine/i386-windows/desk.cpl
/home/captvty/.wine/drive_c/windows/syswow64/qcap.dll	/opt/wine-staging/lib/wine/i386-windows/qcap.dll
/home/captvty/.wine/drive_c/windows/system32/oleaut32.dll	/opt/wine-staging/lib/wine/x86_64-windows/oleaut32.dll
/home/captvty/.wine/drive_c/windows/syswow64/d3dx10_33.dll	/opt/wine-staging/lib/wine/i386-windows/d3dx10_33.dll
/home/captvty/.wine/drive_c/windows/syswow64/msvcirt.dll	/opt/wine-staging/lib/wine/i386-windows/msvcirt.dll
/home/captvty/.wine/drive_c/windows/system32/msvcp70.dll	/opt/wine-staging/lib/wine/x86_64-windows/msvcp70.dll
/home/captvty/.wine/drive_c/windows/system32/dswave.dll	/opt/wine-staging/lib/wine/x86_64-windows/dswave.dll
/home/captvty/.wine/drive_c/windows/system32/winemapi.dll	/opt/wine-staging/lib/wine/x86_64-windows/winemapi.dll
/home/captvty/.wine/drive_c/windows/system32/jsproxy.dll	/opt/wine-staging/lib/wine/x86_64-windows/jsproxy.dll
/home/captvty/.wine/drive_c/windows/system32/msvcr110.dll	/opt/wine-staging/lib/wine/x86_64-windows/msvcr110.dll
/home/captvty/.wine/drive_c/windows/syswow64/resutils.dll	/opt/wine-staging/lib/wine/i386-windows/resutils.dll
/home/captvty/.wine/drive_c/windows/syswow64/msvcm90.dll	/opt/wine-staging/lib/wine/i386-windows/msvcm90.dll
/home/captvty/.wine/drive_c/windows/winsxs/x86_microsoft.vc90.crt_1fc8b3b9a1e18e3b_9.0.30729.6161_none_deadbeef/msvcm90.dll	/opt/wine-staging/lib/wine/i386-windows/msvcm90.dll
/home/captvty/.wine/drive_c/windows/syswow64/advapi32.dll	/opt/wine-staging/lib/wine/i386-windows/advapi32.dll
/home/captvty/.wine/drive_c/windows/system32/slc.dll	/opt/wine-staging/lib/wine/x86_64-windows/slc.dll
/home/captvty/.wine/drive_c/windows/system32/wscript.exe	/opt/wine-staging/lib/wine/x86_64-windows/wscript.exe
/home/captvty/.wine/drive_c/windows/syswow64/d3dcompiler_47.dll	/opt/wine-staging/lib/wine/i386-windows/d3dcompiler_47.dll
/home/captvty/.wine/drive_c/windows/syswow64/sti.dll	/opt/wine-staging/lib/wine/i386-windows/sti.dll
/home/captvty/.wine/drive_c/windows/system32/dispex.dll	/opt/wine-staging/lib/wine/x86_64-windows/dispex.dll
/home/captvty/.wine/drive_c/windows/system32/url.dll	/opt/wine-staging/lib/wine/x86_64-windows/url.dll
/home/captvty/.wine/drive_c/windows/syswow64/xaudio2_1.dll	/opt/wine-staging/lib/wine/i386-windows/xaudio2_1.dll
/home/captvty/.wine/drive_c/windows/syswow64/crypt32.dll	/opt/wine-staging/lib/wine/i386-windows/crypt32.dll
/home/captvty/.wine/drive_c/windows/syswow64/vulkan-1.dll	/opt/wine-staging/lib/wine/i386-windows/vulkan-1.dll
/home/captvty/.wine/drive_c/windows/syswow64/dwmapi.dll	/opt/wine-staging/lib/wine/i386-windows/dwmapi.dll
/home/captvty/.wine/drive_c/windows/syswow64/ddrawex.dll	/opt/wine-staging/lib/wine/i386-windows/ddrawex.dll
/home/captvty/.wine/drive_c/windows/system32/c_10000.nls	/opt/wine-staging/share/wine/nls/c_10000.nls
/home/captvty/.wine/drive_c/windows/syswow64/c_10000.nls	/opt/wine-staging/share/wine/nls/c_10000.nls
/home/captvty/.wine/drive_c/windows/syswow64/adsldpc.dll	/opt/wine-staging/lib/wine/i386-windows/adsldpc.dll
/home/captvty/.wine/drive_c/windows/system32/shdoclc.dll	/opt/wine-staging/lib/wine/x86_64-windows/shdoclc.dll
/home/captvty/.wine/drive_c/windows/system32/wing32.dll	/opt/wine-staging/lib/wine/x86_64-windows/wing32.dll
/home/captvty/.wine/drive_c/windows/system32/drivers/wineusb.sys	/opt/wine-staging/lib/wine/x86_64-windows/wineusb.sys
/home/captvty/.wine/drive_c/windows/syswow64/magnification.dll	/opt/wine-staging/lib/wine/i386-windows/magnification.dll
/home/captvty/.wine/drive_c/windows/system32/pnputil.exe	/opt/wine-staging/lib/wine/x86_64-windows/pnputil.exe
/home/captvty/.wine/drive_c/windows/system32/d3d8.dll	/opt/wine-staging/lib/wine/x86_64-windows/d3d8.dll
/home/captvty/.wine/drive_c/windows/syswow64/netcfgx.dll	/opt/wine-staging/lib/wine/i386-windows/netcfgx.dll
/home/captvty/.wine/drive_c/windows/syswow64/bcp47langs.dll	/opt/wine-staging/lib/wine/i386-windows/bcp47langs.dll
/home/captvty/.wine/drive_c/windows/system32/xapofx1_4.dll	/opt/wine-staging/lib/wine/x86_64-windows/xapofx1_4.dll
/home/captvty/.wine/drive_c/windows/system32/msvcp140.dll	/opt/wine-staging/lib/wine/x86_64-windows/msvcp140.dll
/home/captvty/.wine/drive_c/windows/system32/stdole2.tlb	/opt/wine-staging/lib/wine/x86_64-windows/stdole2.tlb
/home/captvty/.wine/drive_c/windows/system32/credui.dll	/opt/wine-staging/lib/wine/x86_64-windows/credui.dll
/home/captvty/.wine/drive_c/windows/system32/taskkill.exe	/opt/wine-staging/lib/wine/x86_64-windows/taskkill.exe
/home/captvty/.wine/drive_c/windows/system32/c_28593.nls	/opt/wine-staging/share/wine/nls/c_28593.nls
/home/captvty/.wine/drive_c/windows/syswow64/c_28593.nls	/opt/wine-staging/share/wine/nls/c_28593.nls
/home/captvty/.wine/drive_c/windows/syswow64/windows.networking.dll	/opt/wine-staging/lib/wine/i386-windows/windows.networking.dll
/home/captvty/.wine/drive_c/windows/system32/resampledmo.dll	/opt/wine-staging/lib/wine/x86_64-windows/resampledmo.dll
/home/captvty/.wine/drive_c/windows/system32/wsdapi.dll	/opt/wine-staging/lib/wine/x86_64-windows/wsdapi.dll
/home/captvty/.wine/drive_c/windows/system32/rasdlg.dll	/opt/wine-staging/lib/wine/x86_64-windows/rasdlg.dll
/home/captvty/.wine/drive_c/windows/syswow64/gdiplus.dll	/opt/wine-staging/lib/wine/i386-windows/gdiplus.dll
/home/captvty/.wine/drive_c/windows/winsxs/x86_microsoft.windows.gdiplus_6595b64144ccf1df_1.0.6000.16386_none_deadbeef/gdiplus.dll	/opt/wine-staging/lib/wine/i386-windows/gdiplus.dll
/home/captvty/.wine/drive_c/windows/winsxs/x86_microsoft.windows.gdiplus_6595b64144ccf1df_1.1.7601.23038_none_deadbeef/gdiplus.dll	/opt/wine-staging/lib/wine/i386-windows/gdiplus.dll
/home/captvty/.wine/drive_c/windows/syswow64/appwiz.cpl	/opt/wine-staging/lib/wine/i386-windows/appwiz.cpl
/home/captvty/.wine/drive_c/windows/syswow64/d2d1.dll	/opt/wine-staging/lib/wine/i386-windows/d2d1.dll
/home/captvty/.wine/drive_c/windows/system32/hhctrl.ocx	/opt/wine-staging/lib/wine/x86_64-windows/hhctrl.ocx
/home/captvty/.wine/drive_c/windows/system32/c_20949.nls	/opt/wine-staging/share/wine/nls/c_20949.nls
/home/captvty/.wine/drive_c/windows/syswow64/c_20949.nls	/opt/wine-staging/share/wine/nls/c_20949.nls
/home/captvty/.wine/drive_c/windows/system32/c_949.nls	/opt/wine-staging/share/wine/nls/c_949.nls
/home/captvty/.wine/drive_c/windows/syswow64/c_949.nls	/opt/wine-staging/share/wine/nls/c_949.nls
/home/captvty/.wine/drive_c/windows/syswow64/qdvd.dll	/opt/wine-staging/lib/wine/i386-windows/qdvd.dll
/home/captvty/.wine/drive_c/windows/syswow64/certutil.exe	/opt/wine-staging/lib/wine/i386-windows/certutil.exe
/home/captvty/.wine/drive_c/windows/system32/xaudio2_6.dll	/opt/wine-staging/lib/wine/x86_64-windows/xaudio2_6.dll
/home/captvty/.wine/drive_c/windows/syswow64/d3dcompiler_42.dll	/opt/wine-staging/lib/wine/i386-windows/d3dcompiler_42.dll
/home/captvty/.wine/drive_c/windows/system32/winhttp.dll	/opt/wine-staging/lib/wine/x86_64-windows/winhttp.dll
/home/captvty/.wine/drive_c/windows/system32/winemenubuilder.exe	/opt/wine-staging/lib/wine/x86_64-windows/winemenubuilder.exe
/home/captvty/.wine/drive_c/windows/system32/joy.cpl	/opt/wine-staging/lib/wine/x86_64-windows/joy.cpl
/home/captvty/.wine/drive_c/windows/syswow64/d3d10_1.dll	/opt/wine-staging/lib/wine/i386-windows/d3d10_1.dll
/home/captvty/.wine/drive_c/windows/syswow64/scardsvr.dll	/opt/wine-staging/lib/wine/i386-windows/scardsvr.dll
/home/captvty/.wine/drive_c/windows/system32/d3dx9_32.dll	/opt/wine-staging/lib/wine/x86_64-windows/d3dx9_32.dll
/home/captvty/.wine/drive_c/windows/syswow64/mprapi.dll	/opt/wine-staging/lib/wine/i386-windows/mprapi.dll
/home/captvty/.wine/drive_c/windows/syswow64/schedsvc.dll	/opt/wine-staging/lib/wine/i386-windows/schedsvc.dll
/home/captvty/.wine/drive_c/windows/system32/sxs.dll	/opt/wine-staging/lib/wine/x86_64-windows/sxs.dll
/home/captvty/.wine/drive_c/windows/system32/usp10.dll	/opt/wine-staging/lib/wine/x86_64-windows/usp10.dll
/home/captvty/.wine/drive_c/windows/syswow64/scrrun.dll	/opt/wine-staging/lib/wine/i386-windows/scrrun.dll
/home/captvty/.wine/drive_c/windows/syswow64/slbcsp.dll	/opt/wine-staging/lib/wine/i386-windows/slbcsp.dll
/home/captvty/.wine/drive_c/windows/system32/drivers/mountmgr.sys	/opt/wine-staging/lib/wine/x86_64-windows/mountmgr.sys
/home/captvty/.wine/drive_c/windows/syswow64/windows.ui.xaml.dll	/opt/wine-staging/lib/wine/i386-windows/windows.ui.xaml.dll
/home/captvty/.wine/drive_c/windows/system32/wer.dll	/opt/wine-staging/lib/wine/x86_64-windows/wer.dll
/home/captvty/.wine/drive_c/windows/system32/l3codeca.acm	/opt/wine-staging/lib/wine/x86_64-windows/l3codeca.acm
/home/captvty/.wine/drive_c/windows/system32/mf3216.dll	/opt/wine-staging/lib/wine/x86_64-windows/mf3216.dll
/home/captvty/.wine/drive_c/windows/syswow64/wsdapi.dll	/opt/wine-staging/lib/wine/i386-windows/wsdapi.dll
/home/captvty/.wine/drive_c/windows/system32/Speech/Engines/TTS/msttsengine.dll	/opt/wine-staging/lib/wine/x86_64-windows/msttsengine.dll
/home/captvty/.wine/drive_c/windows/syswow64/mmdevapi.dll	/opt/wine-staging/lib/wine/i386-windows/mmdevapi.dll
/home/captvty/.wine/drive_c/windows/system32/msvcr90.dll	/opt/wine-staging/lib/wine/x86_64-windows/msvcr90.dll
/home/captvty/.wine/drive_c/windows/winsxs/amd64_microsoft.vc90.crt_1fc8b3b9a1e18e3b_9.0.30729.6161_none_deadbeef/msvcr90.dll	/opt/wine-staging/lib/wine/x86_64-windows/msvcr90.dll
/home/captvty/.wine/drive_c/windows/system32/msvcr80.dll	/opt/wine-staging/lib/wine/x86_64-windows/msvcr80.dll
/home/captvty/.wine/drive_c/windows/winsxs/amd64_microsoft.vc80.crt_1fc8b3b9a1e18e3b_8.0.50727.9672_none_deadbeef/msvcr80.dll	/opt/wine-staging/lib/wine/x86_64-windows/msvcr80.dll
/home/captvty/.wine/drive_c/windows/system32/progman.exe	/opt/wine-staging/lib/wine/x86_64-windows/progman.exe
/home/captvty/.wine/drive_c/windows/syswow64/twaindsm.dll	/opt/wine-staging/lib/wine/i386-windows/twaindsm.dll
/home/captvty/.wine/drive_c/windows/system32/rasapi32.dll	/opt/wine-staging/lib/wine/x86_64-windows/rasapi32.dll
/home/captvty/.wine/drive_c/windows/system32/updspapi.dll	/opt/wine-staging/lib/wine/x86_64-windows/updspapi.dll
/home/captvty/.wine/drive_c/windows/syswow64/comsvcs.dll	/opt/wine-staging/lib/wine/i386-windows/comsvcs.dll
/home/captvty/.wine/drive_c/windows/syswow64/user32.dll	/opt/wine-staging/lib/wine/i386-windows/user32.dll
/home/captvty/.wine/drive_c/windows/syswow64/view.exe	/opt/wine-staging/lib/wine/i386-windows/view.exe
/home/captvty/.wine/drive_c/windows/system32/msvcirt.dll	/opt/wine-staging/lib/wine/x86_64-windows/msvcirt.dll
/home/captvty/.wine/drive_c/windows/syswow64/cryptxml.dll	/opt/wine-staging/lib/wine/i386-windows/cryptxml.dll
/home/captvty/.wine/drive_c/windows/syswow64/xaudio2_6.dll	/opt/wine-staging/lib/wine/i386-windows/xaudio2_6.dll
/home/captvty/.wine/drive_c/windows/syswow64/whoami.exe	/opt/wine-staging/lib/wine/i386-windows/whoami.exe
/home/captvty/.wine/drive_c/windows/syswow64/xactengine3_3.dll	/opt/wine-staging/lib/wine/i386-windows/xactengine3_3.dll
/home/captvty/.wine/drive_c/windows/syswow64/d3dx9_24.dll	/opt/wine-staging/lib/wine/i386-windows/d3dx9_24.dll
/home/captvty/.wine/drive_c/windows/system32/msauddecmft.dll	/opt/wine-staging/lib/wine/x86_64-windows/msauddecmft.dll
/home/captvty/.wine/drive_c/windows/system32/c_10079.nls	/opt/wine-staging/share/wine/nls/c_10079.nls
/home/captvty/.wine/drive_c/windows/syswow64/c_10079.nls	/opt/wine-staging/share/wine/nls/c_10079.nls
/home/captvty/.wine/drive_c/windows/system32/msvcp100.dll	/opt/wine-staging/lib/wine/x86_64-windows/msvcp100.dll
/home/captvty/.wine/drive_c/windows/syswow64/wuaueng.dll	/opt/wine-staging/lib/wine/i386-windows/wuaueng.dll
/home/captvty/.wine/drive_c/windows/syswow64/msvproc.dll	/opt/wine-staging/lib/wine/i386-windows/msvproc.dll
/home/captvty/.wine/drive_c/windows/system32/windows.devices.enumeration.dll	/opt/wine-staging/lib/wine/x86_64-windows/windows.devices.enumeration.dll
/home/captvty/.wine/drive_c/windows/syswow64/msvcp110.dll	/opt/wine-staging/lib/wine/i386-windows/msvcp110.dll
/home/captvty/.wine/drive_c/windows/system32/rsaenh.dll	/opt/wine-staging/lib/wine/x86_64-windows/rsaenh.dll
/home/captvty/.wine/drive_c/windows/syswow64/wintypes.dll	/opt/wine-staging/lib/wine/i386-windows/wintypes.dll
/home/captvty/.wine/drive_c/windows/syswow64/xinput1_3.dll	/opt/wine-staging/lib/wine/i386-windows/xinput1_3.dll
/home/captvty/.wine/drive_c/windows/syswow64/mswsock.dll	/opt/wine-staging/lib/wine/i386-windows/mswsock.dll
/home/captvty/.wine/drive_c/windows/syswow64/npptools.dll	/opt/wine-staging/lib/wine/i386-windows/npptools.dll
/home/captvty/.wine/drive_c/windows/system32/wdscore.dll	/opt/wine-staging/lib/wine/x86_64-windows/wdscore.dll
/home/captvty/.wine/drive_c/windows/system32/winmetadata/windows.globalization.winmd	/opt/wine-staging/share/wine/winmd/windows.globalization.winmd
/home/captvty/.wine/drive_c/windows/syswow64/winmetadata/windows.globalization.winmd	/opt/wine-staging/share/wine/winmd/windows.globalization.winmd
/home/captvty/.wine/drive_c/windows/syswow64/d3dx10_34.dll	/opt/wine-staging/lib/wine/i386-windows/d3dx10_34.dll
/home/captvty/.wine/drive_c/windows/system32/xapofx1_1.dll	/opt/wine-staging/lib/wine/x86_64-windows/xapofx1_1.dll
/home/captvty/.wine/drive_c/windows/system32/wiaservc.dll	/opt/wine-staging/lib/wine/x86_64-windows/wiaservc.dll
/home/captvty/.wine/drive_c/windows/system32/cdosys.dll	/opt/wine-staging/lib/wine/x86_64-windows/cdosys.dll
/home/captvty/.wine/drive_c/windows/system32/winsta.dll	/opt/wine-staging/lib/wine/x86_64-windows/winsta.dll
/home/captvty/.wine/drive_c/windows/system32/robocopy.exe	/opt/wine-staging/lib/wine/x86_64-windows/robocopy.exe
/home/captvty/.wine/drive_c/windows/syswow64/Speech/Common/sapi.dll	/opt/wine-staging/lib/wine/i386-windows/sapi.dll
/home/captvty/.wine/drive_c/windows/syswow64/opencl.dll	/opt/wine-staging/lib/wine/i386-windows/opencl.dll
/home/captvty/.wine/drive_c/windows/system32/winscard.dll	/opt/wine-staging/lib/wine/x86_64-windows/winscard.dll
/home/captvty/.wine/drive_c/windows/system32/scarddlg.dll	/opt/wine-staging/lib/wine/x86_64-windows/scarddlg.dll
/home/captvty/.wine/drive_c/windows/syswow64/winegstreamer.dll	/opt/wine-staging/lib/wine/i386-windows/winegstreamer.dll
/home/captvty/.wine/drive_c/windows/syswow64/d3drm.dll	/opt/wine-staging/lib/wine/i386-windows/d3drm.dll
/home/captvty/.wine/drive_c/windows/syswow64/gamingtcui.dll	/opt/wine-staging/lib/wine/i386-windows/gamingtcui.dll
/home/captvty/.wine/drive_c/windows/syswow64/comdlg32.dll	/opt/wine-staging/lib/wine/i386-windows/comdlg32.dll
/home/captvty/.wine/drive_c/windows/system32/tzres.dll	/opt/wine-staging/lib/wine/x86_64-windows/tzres.dll
/home/captvty/.wine/drive_c/windows/system32/d3dcompiler_43.dll	/opt/wine-staging/lib/wine/x86_64-windows/d3dcompiler_43.dll
/home/captvty/.wine/drive_c/windows/syswow64/loadperf.dll	/opt/wine-staging/lib/wine/i386-windows/loadperf.dll
/home/captvty/.wine/drive_c/windows/system32/security.dll	/opt/wine-staging/lib/wine/x86_64-windows/security.dll
/home/captvty/.wine/drive_c/windows/syswow64/avifil32.dll	/opt/wine-staging/lib/wine/i386-windows/avifil32.dll
/home/captvty/.wine/drive_c/windows/system32/crypt32.dll	/opt/wine-staging/lib/wine/x86_64-windows/crypt32.dll
/home/captvty/.wine/drive_c/windows/system32/xaudio2_5.dll	/opt/wine-staging/lib/wine/x86_64-windows/xaudio2_5.dll
/home/captvty/.wine/drive_c/windows/system32/cscript.exe	/opt/wine-staging/lib/wine/x86_64-windows/cscript.exe
/home/captvty/.wine/drive_c/windows/syswow64/combase.dll	/opt/wine-staging/lib/wine/i386-windows/combase.dll
/home/captvty/.wine/drive_c/windows/syswow64/rsabase.dll	/opt/wine-staging/lib/wine/i386-windows/rsabase.dll
/home/captvty/.wine/drive_c/windows/system32/dpvsetup.exe	/opt/wine-staging/lib/wine/x86_64-windows/dpvsetup.exe
/home/captvty/.wine/drive_c/windows/system32/xaudio2_2.dll	/opt/wine-staging/lib/wine/x86_64-windows/xaudio2_2.dll
/home/captvty/.wine/drive_c/windows/system32/netcfgx.dll	/opt/wine-staging/lib/wine/x86_64-windows/netcfgx.dll
/home/captvty/.wine/drive_c/windows/syswow64/wineconsole.exe	/opt/wine-staging/lib/wine/i386-windows/wineconsole.exe
/home/captvty/.wine/drive_c/windows/system32/d3dx9_30.dll	/opt/wine-staging/lib/wine/x86_64-windows/d3dx9_30.dll
/home/captvty/.wine/drive_c/windows/system32/inetcomm.dll	/opt/wine-staging/lib/wine/x86_64-windows/inetcomm.dll
/home/captvty/.wine/drive_c/windows/syswow64/gameinput.dll	/opt/wine-staging/lib/wine/i386-windows/gameinput.dll
/home/captvty/.wine/drive_c/windows/system32/mfplat.dll	/opt/wine-staging/lib/wine/x86_64-windows/mfplat.dll
/home/captvty/.wine/drive_c/windows/system32/msvcr100.dll	/opt/wine-staging/lib/wine/x86_64-windows/msvcr100.dll
/home/captvty/.wine/drive_c/windows/syswow64/winmm.dll	/opt/wine-staging/lib/wine/i386-windows/winmm.dll
/home/captvty/.wine/drive_c/windows/syswow64/d3d10core.dll	/opt/wine-staging/lib/wine/i386-windows/d3d10core.dll
/home/captvty/.wine/drive_c/windows/system32/feclient.dll	/opt/wine-staging/lib/wine/x86_64-windows/feclient.dll
/home/captvty/.wine/drive_c/windows/syswow64/xactengine3_1.dll	/opt/wine-staging/lib/wine/i386-windows/xactengine3_1.dll
/home/captvty/.wine/drive_c/windows/system32/drmclien.dll	/opt/wine-staging/lib/wine/x86_64-windows/drmclien.dll
/home/captvty/.wine/drive_c/windows/system32/drivers/scsiport.sys	/opt/wine-staging/lib/wine/x86_64-windows/scsiport.sys
/home/captvty/.wine/drive_c/windows/system32/netapi32.dll	/opt/wine-staging/lib/wine/x86_64-windows/netapi32.dll
/home/captvty/.wine/drive_c/windows/system32/wbem/wbemprox.dll	/opt/wine-staging/lib/wine/x86_64-windows/wbemprox.dll
/home/captvty/.wine/drive_c/windows/system32/c_874.nls	/opt/wine-staging/share/wine/nls/c_874.nls
/home/captvty/.wine/drive_c/windows/syswow64/c_874.nls	/opt/wine-staging/share/wine/nls/c_874.nls
/home/captvty/.wine/drive_c/windows/system32/d3dcompiler_46.dll	/opt/wine-staging/lib/wine/x86_64-windows/d3dcompiler_46.dll
/home/captvty/.wine/drive_c/windows/syswow64/dispex.dll	/opt/wine-staging/lib/wine/i386-windows/dispex.dll
/home/captvty/.wine/drive_c/windows/system32/sane.ds	/opt/wine-staging/lib/wine/x86_64-windows/sane.ds
/home/captvty/.wine/drive_c/windows/twain_64/sane.ds	/opt/wine-staging/lib/wine/x86_64-windows/sane.ds
/home/captvty/.wine/drive_c/windows/syswow64/serialui.dll	/opt/wine-staging/lib/wine/i386-windows/serialui.dll
/home/captvty/.wine/drive_c/windows/regedit.exe	/opt/wine-staging/lib/wine/x86_64-windows/regedit.exe
/home/captvty/.wine/drive_c/windows/syswow64/mshta.exe	/opt/wine-staging/lib/wine/i386-windows/mshta.exe
/home/captvty/.wine/drive_c/windows/syswow64/sfc.dll	/opt/wine-staging/lib/wine/i386-windows/sfc.dll
/home/captvty/.wine/drive_c/windows/syswow64/opengl32.dll	/opt/wine-staging/lib/wine/i386-windows/opengl32.dll
/home/captvty/.wine/drive_c/windows/syswow64/msmpeg2vdec.dll	/opt/wine-staging/lib/wine/i386-windows/msmpeg2vdec.dll
/home/captvty/.wine/drive_c/windows/system32/xinput1_4.dll	/opt/wine-staging/lib/wine/x86_64-windows/xinput1_4.dll
/home/captvty/.wine/drive_c/windows/system32/svchost.exe	/opt/wine-staging/lib/wine/x86_64-windows/svchost.exe
/home/captvty/.wine/drive_c/Program Files/Common Files/System/OLE DB/msdasql.dll	/opt/wine-staging/lib/wine/x86_64-windows/msdasql.dll
/home/captvty/.wine/drive_c/windows/syswow64/credui.dll	/opt/wine-staging/lib/wine/i386-windows/credui.dll
/home/captvty/.wine/drive_c/windows/system32/acledit.dll	/opt/wine-staging/lib/wine/x86_64-windows/acledit.dll
/home/captvty/.wine/drive_c/windows/system32/xactengine3_6.dll	/opt/wine-staging/lib/wine/x86_64-windows/xactengine3_6.dll
/home/captvty/.wine/drive_c/windows/system32/msctfmonitor.dll	/opt/wine-staging/lib/wine/x86_64-windows/msctfmonitor.dll
/home/captvty/.wine/drive_c/windows/system32/dataexchange.dll	/opt/wine-staging/lib/wine/x86_64-windows/dataexchange.dll
/home/captvty/.wine/drive_c/windows/syswow64/findstr.exe	/opt/wine-staging/lib/wine/i386-windows/findstr.exe
/home/captvty/.wine/drive_c/windows/system32/wuapi.dll	/opt/wine-staging/lib/wine/x86_64-windows/wuapi.dll
/home/captvty/.wine/drive_c/windows/system32/coml2.dll	/opt/wine-staging/lib/wine/x86_64-windows/coml2.dll
/home/captvty/.wine/drive_c/windows/syswow64/mfplay.dll	/opt/wine-staging/lib/wine/i386-windows/mfplay.dll
/home/captvty/.wine/drive_c/windows/notepad.exe	/opt/wine-staging/lib/wine/x86_64-windows/notepad.exe
/home/captvty/.wine/drive_c/windows/system32/notepad.exe	/opt/wine-staging/lib/wine/x86_64-windows/notepad.exe
/home/captvty/.wine/drive_c/windows/syswow64/shcore.dll	/opt/wine-staging/lib/wine/i386-windows/shcore.dll
/home/captvty/.wine/drive_c/windows/system32/drivers/hidparse.sys	/opt/wine-staging/lib/wine/x86_64-windows/hidparse.sys
/home/captvty/.wine/drive_c/windows/syswow64/d3dim700.dll	/opt/wine-staging/lib/wine/i386-windows/d3dim700.dll
/home/captvty/.wine/drive_c/windows/syswow64/ole32.dll	/opt/wine-staging/lib/wine/i386-windows/ole32.dll
/home/captvty/.wine/drive_c/windows/syswow64/unicows.dll	/opt/wine-staging/lib/wine/i386-windows/unicows.dll
/home/captvty/.wine/drive_c/windows/syswow64/wscript.exe	/opt/wine-staging/lib/wine/i386-windows/wscript.exe
/home/captvty/.wine/drive_c/windows/system32/xinput1_2.dll	/opt/wine-staging/lib/wine/x86_64-windows/xinput1_2.dll
/home/captvty/.wine/drive_c/windows/system32/d3dx9_31.dll	/opt/wine-staging/lib/wine/x86_64-windows/d3dx9_31.dll
/home/captvty/.wine/drive_c/windows/syswow64/mshtml.dll	/opt/wine-staging/lib/wine/i386-windows/mshtml.dll
/home/captvty/.wine/drive_c/windows/system32/cryptnet.dll	/opt/wine-staging/lib/wine/x86_64-windows/cryptnet.dll
/home/captvty/.wine/drive_c/windows/system32/vcomp110.dll	/opt/wine-staging/lib/wine/x86_64-windows/vcomp110.dll
/home/captvty/.wine/drive_c/windows/system32/sppc.dll	/opt/wine-staging/lib/wine/x86_64-windows/sppc.dll
/home/captvty/.wine/drive_c/windows/system32/windows.ui.xaml.dll	/opt/wine-staging/lib/wine/x86_64-windows/windows.ui.xaml.dll
/home/captvty/.wine/drive_c/windows/system32/mfmediaengine.dll	/opt/wine-staging/lib/wine/x86_64-windows/mfmediaengine.dll
/home/captvty/.wine/drive_c/windows/system32/wmp.dll	/opt/wine-staging/lib/wine/x86_64-windows/wmp.dll
/home/captvty/.wine/drive_c/windows/system32/wmvdecod.dll	/opt/wine-staging/lib/wine/x86_64-windows/wmvdecod.dll
/home/captvty/.wine/drive_c/windows/system32/d3dim700.dll	/opt/wine-staging/lib/wine/x86_64-windows/d3dim700.dll
/home/captvty/.wine/drive_c/windows/syswow64/atl110.dll	/opt/wine-staging/lib/wine/i386-windows/atl110.dll
/home/captvty/.wine/drive_c/windows/system32/tasklist.exe	/opt/wine-staging/lib/wine/x86_64-windows/tasklist.exe
/home/captvty/.wine/drive_c/windows/system32/c_10008.nls	/opt/wine-staging/share/wine/nls/c_10008.nls
/home/captvty/.wine/drive_c/windows/syswow64/c_10008.nls	/opt/wine-staging/share/wine/nls/c_10008.nls
/home/captvty/.wine/drive_c/windows/system32/desk.cpl	/opt/wine-staging/lib/wine/x86_64-windows/desk.cpl
/home/captvty/.wine/drive_c/windows/system32/msvcrtd.dll	/opt/wine-staging/lib/wine/x86_64-windows/msvcrtd.dll
/home/captvty/.wine/drive_c/windows/syswow64/qasf.dll	/opt/wine-staging/lib/wine/i386-windows/qasf.dll
/home/captvty/.wine/drive_c/windows/system32/mciqtz32.dll	/opt/wine-staging/lib/wine/x86_64-windows/mciqtz32.dll
/home/captvty/.wine/drive_c/windows/system32/msg711.acm	/opt/wine-staging/lib/wine/x86_64-windows/msg711.acm
/home/captvty/.wine/drive_c/windows/system32/spool/drivers/w32x86/3/wineps.drv	/opt/wine-staging/lib/wine/i386-windows/wineps.drv
/home/captvty/.wine/drive_c/windows/system32/spool/prtprocs/w32x86/wineps.drv	/opt/wine-staging/lib/wine/i386-windows/wineps.drv
/home/captvty/.wine/drive_c/windows/system32/xpssvcs.dll	/opt/wine-staging/lib/wine/x86_64-windows/xpssvcs.dll
/home/captvty/.wine/drive_c/windows/system32/shdocvw.dll	/opt/wine-staging/lib/wine/x86_64-windows/shdocvw.dll
/home/captvty/.wine/drive_c/windows/syswow64/olesvr32.dll	/opt/wine-staging/lib/wine/i386-windows/olesvr32.dll
/home/captvty/.wine/drive_c/windows/system32/strmdll.dll	/opt/wine-staging/lib/wine/x86_64-windows/strmdll.dll
/home/captvty/.wine/drive_c/windows/system32/msxml4.dll	/opt/wine-staging/lib/wine/x86_64-windows/msxml4.dll
/home/captvty/.wine/drive_c/windows/winsxs/amd64_microsoft.msxml2_6bd6b9abf345378f_4.1.0.0_none_deadbeef/msxml4.dll	/opt/wine-staging/lib/wine/x86_64-windows/msxml4.dll
/home/captvty/.wine/drive_c/windows/syswow64/mscat32.dll	/opt/wine-staging/lib/wine/i386-windows/mscat32.dll
/home/captvty/.wine/drive_c/windows/syswow64/xapofx1_3.dll	/opt/wine-staging/lib/wine/i386-windows/xapofx1_3.dll
/home/captvty/.wine/drive_c/windows/syswow64/d3dx9_42.dll	/opt/wine-staging/lib/wine/i386-windows/d3dx9_42.dll
/home/captvty/.wine/drive_c/windows/syswow64/virtdisk.dll	/opt/wine-staging/lib/wine/i386-windows/virtdisk.dll
/home/captvty/.wine/drive_c/windows/syswow64/dataexchange.dll	/opt/wine-staging/lib/wine/i386-windows/dataexchange.dll
/home/captvty/.wine/drive_c/windows/system32/amsi.dll	/opt/wine-staging/lib/wine/x86_64-windows/amsi.dll
/home/captvty/.wine/drive_c/windows/system32/secedit.exe	/opt/wine-staging/lib/wine/x86_64-windows/secedit.exe
/home/captvty/.wine/drive_c/windows/syswow64/msi.dll	/opt/wine-staging/lib/wine/i386-windows/msi.dll
/home/captvty/.wine/drive_c/windows/system32/threadpoolwinrt.dll	/opt/wine-staging/lib/wine/x86_64-windows/threadpoolwinrt.dll
/home/captvty/.wine/drive_c/windows/syswow64/d3dx9_32.dll	/opt/wine-staging/lib/wine/i386-windows/d3dx9_32.dll
/home/captvty/.wine/drive_c/windows/syswow64/wow32.dll	/opt/wine-staging/lib/wine/i386-windows/wow32.dll
/home/captvty/.wine/drive_c/windows/syswow64/mfplat.dll	/opt/wine-staging/lib/wine/i386-windows/mfplat.dll
/home/captvty/.wine/drive_c/windows/system32/windows.devices.radios.dll	/opt/wine-staging/lib/wine/x86_64-windows/windows.devices.radios.dll
/home/captvty/.wine/drive_c/windows/syswow64/cards.dll	/opt/wine-staging/lib/wine/i386-windows/cards.dll
/home/captvty/.wine/drive_c/windows/system32/c_1251.nls	/opt/wine-staging/share/wine/nls/c_1251.nls
/home/captvty/.wine/drive_c/windows/syswow64/c_1251.nls	/opt/wine-staging/share/wine/nls/c_1251.nls
/home/captvty/.wine/drive_c/windows/system32/srvsvc.dll	/opt/wine-staging/lib/wine/x86_64-windows/srvsvc.dll
/home/captvty/.wine/drive_c/windows/syswow64/windows.networking.connectivity.dll	/opt/wine-staging/lib/wine/i386-windows/windows.networking.connectivity.dll
/home/captvty/.wine/drive_c/windows/system32/dwrite.dll	/opt/wine-staging/lib/wine/x86_64-windows/dwrite.dll
/home/captvty/.wine/drive_c/windows/syswow64/itss.dll	/opt/wine-staging/lib/wine/i386-windows/itss.dll
/home/captvty/.wine/drive_c/windows/syswow64/wusa.exe	/opt/wine-staging/lib/wine/i386-windows/wusa.exe
/home/captvty/.wine/drive_c/windows/system32/initpki.dll	/opt/wine-staging/lib/wine/x86_64-windows/initpki.dll
/home/captvty/.wine/drive_c/windows/syswow64/xaudio2_9.dll	/opt/wine-staging/lib/wine/i386-windows/xaudio2_9.dll
/home/captvty/.wine/drive_c/windows/system32/d3dx9_25.dll	/opt/wine-staging/lib/wine/x86_64-windows/d3dx9_25.dll
/home/captvty/.wine/drive_c/windows/system32/drivers/tdi.sys	/opt/wine-staging/lib/wine/x86_64-windows/tdi.sys
/home/captvty/.wine/drive_c/windows/syswow64/scrobj.dll	/opt/wine-staging/lib/wine/i386-windows/scrobj.dll
/home/captvty/.wine/drive_c/windows/syswow64/winemsibuilder.exe	/opt/wine-staging/lib/wine/i386-windows/winemsibuilder.exe
/home/captvty/.wine/drive_c/windows/syswow64/d3dcompiler_41.dll	/opt/wine-staging/lib/wine/i386-windows/d3dcompiler_41.dll
/home/captvty/.wine/drive_c/windows/system32/d3d9.dll	/opt/wine-staging/lib/wine/x86_64-windows/d3d9.dll
/home/captvty/.wine/drive_c/windows/syswow64/msvcr120_app.dll	/opt/wine-staging/lib/wine/i386-windows/msvcr120_app.dll
/home/captvty/.wine/drive_c/windows/syswow64/mcicda.dll	/opt/wine-staging/lib/wine/i386-windows/mcicda.dll
/home/captvty/.wine/drive_c/windows/system32/windows.perception.stub.dll	/opt/wine-staging/lib/wine/x86_64-windows/windows.perception.stub.dll
/home/captvty/.wine/drive_c/windows/system32/adsldp.dll	/opt/wine-staging/lib/wine/x86_64-windows/adsldp.dll
/home/captvty/.wine/drive_c/windows/syswow64/msvcp140.dll	/opt/wine-staging/lib/wine/i386-windows/msvcp140.dll
/home/captvty/.wine/drive_c/windows/system32/websocket.dll	/opt/wine-staging/lib/wine/x86_64-windows/websocket.dll
/home/captvty/.wine/drive_c/windows/syswow64/rstrtmgr.dll	/opt/wine-staging/lib/wine/i386-windows/rstrtmgr.dll
/home/captvty/.wine/drive_c/windows/syswow64/dsrole.dll	/opt/wine-staging/lib/wine/i386-windows/dsrole.dll
/home/captvty/.wine/drive_c/windows/syswow64/hnetcfg.dll	/opt/wine-staging/lib/wine/i386-windows/hnetcfg.dll
/home/captvty/.wine/drive_c/windows/syswow64/mlang.dll	/opt/wine-staging/lib/wine/i386-windows/mlang.dll
/home/captvty/.wine/drive_c/windows/system32/msvcp60.dll	/opt/wine-staging/lib/wine/x86_64-windows/msvcp60.dll
/home/captvty/.wine/drive_c/windows/system32/tbs.dll	/opt/wine-staging/lib/wine/x86_64-windows/tbs.dll
/home/captvty/.wine/drive_c/windows/syswow64/wbem/wbemdisp.dll	/opt/wine-staging/lib/wine/i386-windows/wbemdisp.dll
/home/captvty/.wine/drive_c/windows/syswow64/lz32.dll	/opt/wine-staging/lib/wine/i386-windows/lz32.dll
/home/captvty/.wine/drive_c/windows/syswow64/wdscore.dll	/opt/wine-staging/lib/wine/i386-windows/wdscore.dll
/home/captvty/.wine/drive_c/Program Files/Internet Explorer/iexplore.exe	/opt/wine-staging/lib/wine/x86_64-windows/iexplore.exe
/home/captvty/.wine/drive_c/windows/system32/iexplore.exe	/opt/wine-staging/lib/wine/x86_64-windows/iexplore.exe
/home/captvty/.wine/drive_c/windows/syswow64/coremessaging.dll	/opt/wine-staging/lib/wine/i386-windows/coremessaging.dll
/home/captvty/.wine/drive_c/windows/system32/wldp.dll	/opt/wine-staging/lib/wine/x86_64-windows/wldp.dll
/home/captvty/.wine/drive_c/windows/system32/comsvcs.dll	/opt/wine-staging/lib/wine/x86_64-windows/comsvcs.dll
/home/captvty/.wine/drive_c/windows/syswow64/ctapi32.dll	/opt/wine-staging/lib/wine/i386-windows/ctapi32.dll
/home/captvty/.wine/drive_c/windows/syswow64/winsqlite3.dll	/opt/wine-staging/lib/wine/i386-windows/winsqlite3.dll
/home/captvty/.wine/drive_c/windows/system32/whoami.exe	/opt/wine-staging/lib/wine/x86_64-windows/whoami.exe
/home/captvty/.wine/drive_c/windows/syswow64/wbem/mofcomp.exe	/opt/wine-staging/lib/wine/i386-windows/mofcomp.exe
/home/captvty/.wine/drive_c/windows/system32/winver.exe	/opt/wine-staging/lib/wine/x86_64-windows/winver.exe
/home/captvty/.wine/drive_c/windows/system32/comcat.dll	/opt/wine-staging/lib/wine/x86_64-windows/comcat.dll
/home/captvty/.wine/drive_c/windows/syswow64/wbem/wbemprox.dll	/opt/wine-staging/lib/wine/i386-windows/wbemprox.dll
/home/captvty/.wine/drive_c/windows/syswow64/concrt140.dll	/opt/wine-staging/lib/wine/i386-windows/concrt140.dll
/home/captvty/.wine/drive_c/windows/syswow64/browseui.dll	/opt/wine-staging/lib/wine/i386-windows/browseui.dll
/home/captvty/.wine/drive_c/windows/syswow64/hvsimanagementapi.dll	/opt/wine-staging/lib/wine/i386-windows/hvsimanagementapi.dll
/home/captvty/.wine/drive_c/windows/syswow64/vcomp110.dll	/opt/wine-staging/lib/wine/i386-windows/vcomp110.dll
/home/captvty/.wine/drive_c/windows/syswow64/mmdevldr.vxd	/opt/wine-staging/lib/wine/i386-windows/mmdevldr.vxd
/home/captvty/.wine/drive_c/windows/system32/inetcpl.cpl	/opt/wine-staging/lib/wine/x86_64-windows/inetcpl.cpl
/home/captvty/.wine/drive_c/windows/system32/mfplay.dll	/opt/wine-staging/lib/wine/x86_64-windows/mfplay.dll
/home/captvty/.wine/drive_c/windows/syswow64/winver.exe	/opt/wine-staging/lib/wine/i386-windows/winver.exe
/home/captvty/.wine/drive_c/windows/system32/winusb.dll	/opt/wine-staging/lib/wine/x86_64-windows/winusb.dll
/home/captvty/.wine/drive_c/windows/syswow64/xinput9_1_0.dll	/opt/wine-staging/lib/wine/i386-windows/xinput9_1_0.dll
/home/captvty/.wine/drive_c/windows/syswow64/winevulkan.dll	/opt/wine-staging/lib/wine/i386-windows/winevulkan.dll
/home/captvty/.wine/drive_c/windows/system32/c_1250.nls	/opt/wine-staging/share/wine/nls/c_1250.nls
/home/captvty/.wine/drive_c/windows/syswow64/c_1250.nls	/opt/wine-staging/share/wine/nls/c_1250.nls
/home/captvty/.wine/drive_c/windows/system32/makecab.exe	/opt/wine-staging/lib/wine/x86_64-windows/makecab.exe
/home/captvty/.wine/drive_c/windows/syswow64/windows.ui.core.textinput.dll	/opt/wine-staging/lib/wine/i386-windows/windows.ui.core.textinput.dll
/home/captvty/.wine/drive_c/Program Files/Common Files/Microsoft Shared/Ink/tiptsf.dll	/opt/wine-staging/lib/wine/x86_64-windows/tiptsf.dll
/home/captvty/.wine/drive_c/windows/syswow64/regedit.exe	/opt/wine-staging/lib/wine/i386-windows/regedit.exe
/home/captvty/.wine/drive_c/windows/system32/cryptext.dll	/opt/wine-staging/lib/wine/x86_64-windows/cryptext.dll
/home/captvty/.wine/drive_c/windows/syswow64/tasklist.exe	/opt/wine-staging/lib/wine/i386-windows/tasklist.exe
/home/captvty/.wine/drive_c/windows/system32/c_1361.nls	/opt/wine-staging/share/wine/nls/c_1361.nls
/home/captvty/.wine/drive_c/windows/syswow64/c_1361.nls	/opt/wine-staging/share/wine/nls/c_1361.nls
/home/captvty/.wine/drive_c/windows/system32/d3d10core.dll	/opt/wine-staging/lib/wine/x86_64-windows/d3d10core.dll
/home/captvty/.wine/drive_c/windows/system32/pdh.dll	/opt/wine-staging/lib/wine/x86_64-windows/pdh.dll
/home/captvty/.wine/drive_c/windows/syswow64/dism.exe	/opt/wine-staging/lib/wine/i386-windows/dism.exe
/home/captvty/.wine/drive_c/windows/system32/spool/drivers/x64/3/wineps.drv	/opt/wine-staging/lib/wine/x86_64-windows/wineps.drv
/home/captvty/.wine/drive_c/windows/system32/spool/prtprocs/x64/wineps.drv	/opt/wine-staging/lib/wine/x86_64-windows/wineps.drv
/home/captvty/.wine/drive_c/windows/syswow64/authz.dll	/opt/wine-staging/lib/wine/i386-windows/authz.dll
/home/captvty/.wine/drive_c/windows/syswow64/localui.dll	/opt/wine-staging/lib/wine/i386-windows/localui.dll
/home/captvty/.wine/drive_c/windows/system32/avrt.dll	/opt/wine-staging/lib/wine/x86_64-windows/avrt.dll
/home/captvty/.wine/drive_c/windows/system32/combase.dll	/opt/wine-staging/lib/wine/x86_64-windows/combase.dll
/home/captvty/.wine/drive_c/windows/system32/x3daudio1_4.dll	/opt/wine-staging/lib/wine/x86_64-windows/x3daudio1_4.dll
/home/captvty/.wine/drive_c/windows/syswow64/dpnhupnp.dll	/opt/wine-staging/lib/wine/i386-windows/dpnhupnp.dll
/home/captvty/.wine/drive_c/windows/syswow64/wmp.dll	/opt/wine-staging/lib/wine/i386-windows/wmp.dll
/home/captvty/.wine/drive_c/windows/system32/wow64cpu.dll	/opt/wine-staging/lib/wine/x86_64-windows/wow64cpu.dll
/home/captvty/.wine/drive_c/windows/syswow64/mshtml.tlb	/opt/wine-staging/lib/wine/i386-windows/mshtml.tlb
/home/captvty/.wine/drive_c/windows/system32/schtasks.exe	/opt/wine-staging/lib/wine/x86_64-windows/schtasks.exe
/home/captvty/.wine/drive_c/windows/syswow64/dbgeng.dll	/opt/wine-staging/lib/wine/i386-windows/dbgeng.dll
/home/captvty/.wine/drive_c/windows/system32/comdlg32.dll	/opt/wine-staging/lib/wine/x86_64-windows/comdlg32.dll
/home/captvty/.wine/drive_c/windows/system32/expand.exe	/opt/wine-staging/lib/wine/x86_64-windows/expand.exe
/home/captvty/.wine/drive_c/windows/syswow64/packager.dll	/opt/wine-staging/lib/wine/i386-windows/packager.dll
/home/captvty/.wine/drive_c/windows/system32/cabarc.exe	/opt/wine-staging/lib/wine/x86_64-windows/cabarc.exe
/home/captvty/.wine/drive_c/windows/syswow64/wofutil.dll	/opt/wine-staging/lib/wine/i386-windows/wofutil.dll
/home/captvty/.wine/drive_c/windows/syswow64/setupapi.dll	/opt/wine-staging/lib/wine/i386-windows/setupapi.dll
/home/captvty/.wine/drive_c/windows/syswow64/xmllite.dll	/opt/wine-staging/lib/wine/i386-windows/xmllite.dll
/home/captvty/.wine/drive_c/windows/system32/rtscom.dll	/opt/wine-staging/lib/wine/x86_64-windows/rtscom.dll
/home/captvty/.wine/drive_c/windows/system32/mciavi32.dll	/opt/wine-staging/lib/wine/x86_64-windows/mciavi32.dll
/home/captvty/.wine/drive_c/windows/system32/winemine.exe	/opt/wine-staging/lib/wine/x86_64-windows/winemine.exe
/home/captvty/.wine/drive_c/windows/syswow64/fc.exe	/opt/wine-staging/lib/wine/i386-windows/fc.exe
/home/captvty/.wine/drive_c/windows/system32/mp3dmod.dll	/opt/wine-staging/lib/wine/x86_64-windows/mp3dmod.dll
/home/captvty/.wine/drive_c/windows/syswow64/odbccp32.dll	/opt/wine-staging/lib/wine/i386-windows/odbccp32.dll
/home/captvty/.wine/drive_c/windows/system32/wmasf.dll	/opt/wine-staging/lib/wine/x86_64-windows/wmasf.dll
/home/captvty/.wine/drive_c/windows/system32/slbcsp.dll	/opt/wine-staging/lib/wine/x86_64-windows/slbcsp.dll
/home/captvty/.wine/drive_c/windows/system32/rundll32.exe	/opt/wine-staging/lib/wine/x86_64-windows/rundll32.exe
/home/captvty/.wine/drive_c/windows/syswow64/atl80.dll	/opt/wine-staging/lib/wine/i386-windows/atl80.dll
/home/captvty/.wine/drive_c/windows/winsxs/x86_microsoft.vc80.atl_1fc8b3b9a1e18e3b_8.0.50727.4053_none_deadbeef/atl80.dll	/opt/wine-staging/lib/wine/i386-windows/atl80.dll
/home/captvty/.wine/drive_c/windows/system32/winecfg.exe	/opt/wine-staging/lib/wine/x86_64-windows/winecfg.exe
/home/captvty/.wine/drive_c/windows/syswow64/mp3dmod.dll	/opt/wine-staging/lib/wine/i386-windows/mp3dmod.dll
/home/captvty/.wine/drive_c/windows/system32/c_875.nls	/opt/wine-staging/share/wine/nls/c_875.nls
/home/captvty/.wine/drive_c/windows/syswow64/c_875.nls	/opt/wine-staging/share/wine/nls/c_875.nls
/home/captvty/.wine/drive_c/windows/system32/oleview.exe	/opt/wine-staging/lib/wine/x86_64-windows/oleview.exe
/home/captvty/.wine/drive_c/windows/syswow64/joy.cpl	/opt/wine-staging/lib/wine/i386-windows/joy.cpl
/home/captvty/.wine/drive_c/windows/syswow64/mfmediaengine.dll	/opt/wine-staging/lib/wine/i386-windows/mfmediaengine.dll
/home/captvty/.wine/drive_c/windows/system32/windows.storage.dll	/opt/wine-staging/lib/wine/x86_64-windows/windows.storage.dll
/home/captvty/.wine/drive_c/windows/system32/mfh264enc.dll	/opt/wine-staging/lib/wine/x86_64-windows/mfh264enc.dll
/home/captvty/.wine/drive_c/windows/system32/irprops.cpl	/opt/wine-staging/lib/wine/x86_64-windows/irprops.cpl
/home/captvty/.wine/drive_c/windows/syswow64/wmadmod.dll	/opt/wine-staging/lib/wine/i386-windows/wmadmod.dll
/home/captvty/.wine/drive_c/windows/system32/winedevice.exe	/opt/wine-staging/lib/wine/x86_64-windows/winedevice.exe
/home/captvty/.wine/drive_c/windows/syswow64/dpvsetup.exe	/opt/wine-staging/lib/wine/i386-windows/dpvsetup.exe
/home/captvty/.wine/drive_c/windows/syswow64/d3dx9_25.dll	/opt/wine-staging/lib/wine/i386-windows/d3dx9_25.dll
/home/captvty/.wine/drive_c/windows/system32/lz32.dll	/opt/wine-staging/lib/wine/x86_64-windows/lz32.dll
/home/captvty/.wine/drive_c/windows/system32/msvcm80.dll	/opt/wine-staging/lib/wine/x86_64-windows/msvcm80.dll
/home/captvty/.wine/drive_c/windows/winsxs/amd64_microsoft.vc80.crt_1fc8b3b9a1e18e3b_8.0.50727.9672_none_deadbeef/msvcm80.dll	/opt/wine-staging/lib/wine/x86_64-windows/msvcm80.dll
/home/captvty/.wine/drive_c/windows/system32/msvcp90.dll	/opt/wine-staging/lib/wine/x86_64-windows/msvcp90.dll
/home/captvty/.wine/drive_c/windows/winsxs/amd64_microsoft.vc90.crt_1fc8b3b9a1e18e3b_9.0.30729.6161_none_deadbeef/msvcp90.dll	/opt/wine-staging/lib/wine/x86_64-windows/msvcp90.dll
/home/captvty/.wine/drive_c/windows/system32/gpkcsp.dll	/opt/wine-staging/lib/wine/x86_64-windows/gpkcsp.dll
/home/captvty/.wine/drive_c/windows/syswow64/wmvdecod.dll	/opt/wine-staging/lib/wine/i386-windows/wmvdecod.dll
/home/captvty/.wine/drive_c/windows/syswow64/chakra.dll	/opt/wine-staging/lib/wine/i386-windows/chakra.dll
/home/captvty/.wine/drive_c/windows/syswow64/sort.exe	/opt/wine-staging/lib/wine/i386-windows/sort.exe
/home/captvty/.wine/drive_c/windows/system32/msnet32.dll	/opt/wine-staging/lib/wine/x86_64-windows/msnet32.dll
/home/captvty/.wine/drive_c/windows/system32/wined3d.dll	/opt/wine-staging/lib/wine/x86_64-windows/wined3d.dll
/home/captvty/.wine/drive_c/windows/system32/qmgrprxy.dll	/opt/wine-staging/lib/wine/x86_64-windows/qmgrprxy.dll
/home/captvty/.wine/drive_c/windows/syswow64/wuapi.dll	/opt/wine-staging/lib/wine/i386-windows/wuapi.dll
/home/captvty/.wine/drive_c/windows/system32/windows.storage.applicationdata.dll	/opt/wine-staging/lib/wine/x86_64-windows/windows.storage.applicationdata.dll
/home/captvty/.wine/drive_c/windows/syswow64/olecli32.dll	/opt/wine-staging/lib/wine/i386-windows/olecli32.dll
/home/captvty/.wine/drive_c/windows/syswow64/msvcp_win.dll	/opt/wine-staging/lib/wine/i386-windows/msvcp_win.dll
/home/captvty/.wine/drive_c/windows/system32/c_037.nls	/opt/wine-staging/share/wine/nls/c_037.nls
/home/captvty/.wine/drive_c/windows/syswow64/c_037.nls	/opt/wine-staging/share/wine/nls/c_037.nls
/home/captvty/.wine/drive_c/windows/syswow64/ntdll.dll	/opt/wine-staging/lib/wine/i386-windows/ntdll.dll
/home/captvty/.wine/drive_c/windows/syswow64/d3dx9_41.dll	/opt/wine-staging/lib/wine/i386-windows/d3dx9_41.dll
/home/captvty/.wine/drive_c/windows/system32/wuaueng.dll	/opt/wine-staging/lib/wine/x86_64-windows/wuaueng.dll
/home/captvty/.wine/drive_c/windows/syswow64/utildll.dll	/opt/wine-staging/lib/wine/i386-windows/utildll.dll
/home/captvty/.wine/drive_c/windows/system32/mswsock.dll	/opt/wine-staging/lib/wine/x86_64-windows/mswsock.dll
/home/captvty/.wine/drive_c/windows/syswow64/msvcr70.dll	/opt/wine-staging/lib/wine/i386-windows/msvcr70.dll
/home/captvty/.wine/drive_c/Program Files/Common Files/System/ADO/msado15.dll	/opt/wine-staging/lib/wine/x86_64-windows/msado15.dll
/home/captvty/.wine/drive_c/windows/syswow64/faultrep.dll	/opt/wine-staging/lib/wine/i386-windows/faultrep.dll
/home/captvty/.wine/drive_c/windows/syswow64/winecfg.exe	/opt/wine-staging/lib/wine/i386-windows/winecfg.exe
/home/captvty/.wine/drive_c/windows/system32/x3daudio1_1.dll	/opt/wine-staging/lib/wine/x86_64-windows/x3daudio1_1.dll
/home/captvty/.wine/drive_c/windows/syswow64/xactengine3_4.dll	/opt/wine-staging/lib/wine/i386-windows/xactengine3_4.dll
/home/captvty/.wine/drive_c/windows/syswow64/vccorlib140.dll	/opt/wine-staging/lib/wine/i386-windows/vccorlib140.dll
/home/captvty/.wine/drive_c/windows/system32/photometadatahandler.dll	/opt/wine-staging/lib/wine/x86_64-windows/photometadatahandler.dll
/home/captvty/.wine/drive_c/windows/system32/winmetadata/windows.applicationmodel.winmd	/opt/wine-staging/share/wine/winmd/windows.applicationmodel.winmd
/home/captvty/.wine/drive_c/windows/syswow64/winmetadata/windows.applicationmodel.winmd	/opt/wine-staging/share/wine/winmd/windows.applicationmodel.winmd
/home/captvty/.wine/drive_c/windows/syswow64/hlink.dll	/opt/wine-staging/lib/wine/i386-windows/hlink.dll
/home/captvty/.wine/drive_c/windows/syswow64/usp10.dll	/opt/wine-staging/lib/wine/i386-windows/usp10.dll
/home/captvty/.wine/drive_c/windows/system32/bcrypt.dll	/opt/wine-staging/lib/wine/x86_64-windows/bcrypt.dll
/home/captvty/.wine/drive_c/windows/system32/qmgr.dll	/opt/wine-staging/lib/wine/x86_64-windows/qmgr.dll
/home/captvty/.wine/drive_c/windows/syswow64/activeds.dll	/opt/wine-staging/lib/wine/i386-windows/activeds.dll
/home/captvty/.wine/drive_c/windows/system32/msmpeg2vdec.dll	/opt/wine-staging/lib/wine/x86_64-windows/msmpeg2vdec.dll
/home/captvty/.wine/drive_c/windows/system32/traffic.dll	/opt/wine-staging/lib/wine/x86_64-windows/traffic.dll
/home/captvty/.wine/drive_c/windows/syswow64/iyuv_32.dll	/opt/wine-staging/lib/wine/i386-windows/iyuv_32.dll
/home/captvty/.wine/drive_c/windows/syswow64/initpki.dll	/opt/wine-staging/lib/wine/i386-windows/initpki.dll
/home/captvty/.wine/drive_c/windows/syswow64/mapistub.dll	/opt/wine-staging/lib/wine/i386-windows/mapistub.dll
/home/captvty/.wine/drive_c/windows/syswow64/msdelta.dll	/opt/wine-staging/lib/wine/i386-windows/msdelta.dll
/home/captvty/.wine/drive_c/windows/system32/samlib.dll	/opt/wine-staging/lib/wine/x86_64-windows/samlib.dll
/home/captvty/.wine/drive_c/windows/system32/drivers/netio.sys	/opt/wine-staging/lib/wine/x86_64-windows/netio.sys
/home/captvty/.wine/drive_c/windows/syswow64/ucrtbase.dll	/opt/wine-staging/lib/wine/i386-windows/ucrtbase.dll
/home/captvty/.wine/drive_c/windows/system32/wbem/wmiutils.dll	/opt/wine-staging/lib/wine/x86_64-windows/wmiutils.dll
/home/captvty/.wine/drive_c/windows/syswow64/mpr.dll	/opt/wine-staging/lib/wine/i386-windows/mpr.dll
/home/captvty/.wine/drive_c/windows/system32/vcruntime140_1.dll	/opt/wine-staging/lib/wine/x86_64-windows/vcruntime140_1.dll
/home/captvty/.wine/drive_c/windows/syswow64/qedit.dll	/opt/wine-staging/lib/wine/i386-windows/qedit.dll
/home/captvty/.wine/drive_c/windows/system32/sas.dll	/opt/wine-staging/lib/wine/x86_64-windows/sas.dll
/home/captvty/.wine/drive_c/windows/system32/jscript.dll	/opt/wine-staging/lib/wine/x86_64-windows/jscript.dll
/home/captvty/.wine/drive_c/windows/system32/spool/prtprocs/x64/winprint.dll	/opt/wine-staging/lib/wine/x86_64-windows/winprint.dll
/home/captvty/.wine/drive_c/windows/system32/c_865.nls	/opt/wine-staging/share/wine/nls/c_865.nls
/home/captvty/.wine/drive_c/windows/syswow64/c_865.nls	/opt/wine-staging/share/wine/nls/c_865.nls
/home/captvty/.wine/drive_c/windows/system32/nsi.dll	/opt/wine-staging/lib/wine/x86_64-windows/nsi.dll
/home/captvty/.wine/drive_c/windows/system32/ntprint.dll	/opt/wine-staging/lib/wine/x86_64-windows/ntprint.dll
/home/captvty/.wine/drive_c/windows/syswow64/msxml6.dll	/opt/wine-staging/lib/wine/i386-windows/msxml6.dll
/home/captvty/.wine/drive_c/windows/winsxs/x86_microsoft-windows-msxml60_31bf3856ad364e35_6.0.6000.16386_none_deadbeef/msxml6.dll	/opt/wine-staging/lib/wine/i386-windows/msxml6.dll
/home/captvty/.wine/drive_c/windows/system32/winedbg.exe	/opt/wine-staging/lib/wine/x86_64-windows/winedbg.exe
/home/captvty/.wine/drive_c/windows/system32/shutdown.exe	/opt/wine-staging/lib/wine/x86_64-windows/shutdown.exe
/home/captvty/.wine/drive_c/windows/system32/xactengine3_5.dll	/opt/wine-staging/lib/wine/x86_64-windows/xactengine3_5.dll
/home/captvty/.wine/drive_c/windows/syswow64/vtdapi.vxd	/opt/wine-staging/lib/wine/i386-windows/vtdapi.vxd
/home/captvty/.wine/drive_c/windows/system32/msvcp80.dll	/opt/wine-staging/lib/wine/x86_64-windows/msvcp80.dll
/home/captvty/.wine/drive_c/windows/winsxs/amd64_microsoft.vc80.crt_1fc8b3b9a1e18e3b_8.0.50727.9672_none_deadbeef/msvcp80.dll	/opt/wine-staging/lib/wine/x86_64-windows/msvcp80.dll
/home/captvty/.wine/drive_c/windows/syswow64/dxdiagn.dll	/opt/wine-staging/lib/wine/i386-windows/dxdiagn.dll
/home/captvty/.wine/drive_c/windows/system32/findstr.exe	/opt/wine-staging/lib/wine/x86_64-windows/findstr.exe
/home/captvty/.wine/drive_c/windows/system32/mstask.dll	/opt/wine-staging/lib/wine/x86_64-windows/mstask.dll
/home/captvty/.wine/drive_c/windows/system32/c_10004.nls	/opt/wine-staging/share/wine/nls/c_10004.nls
/home/captvty/.wine/drive_c/windows/syswow64/c_10004.nls	/opt/wine-staging/share/wine/nls/c_10004.nls
/home/captvty/.wine/drive_c/windows/syswow64/wevtutil.exe	/opt/wine-staging/lib/wine/i386-windows/wevtutil.exe
/home/captvty/.wine/drive_c/windows/syswow64/version.dll	/opt/wine-staging/lib/wine/i386-windows/version.dll
/home/captvty/.wine/drive_c/windows/system32/ntdll.dll	/opt/wine-staging/lib/wine/x86_64-windows/ntdll.dll
/home/captvty/.wine/drive_c/windows/system32/WindowsPowerShell/v1.0/powershell.exe	/opt/wine-staging/lib/wine/x86_64-windows/powershell.exe
/home/captvty/.wine/drive_c/windows/syswow64/vdhcp.vxd	/opt/wine-staging/lib/wine/i386-windows/vdhcp.vxd
/home/captvty/.wine/drive_c/windows/syswow64/dsuiext.dll	/opt/wine-staging/lib/wine/i386-windows/dsuiext.dll
/home/captvty/.wine/drive_c/windows/system32/iyuv_32.dll	/opt/wine-staging/lib/wine/x86_64-windows/iyuv_32.dll
/home/captvty/.wine/drive_c/windows/syswow64/cryptdlg.dll	/opt/wine-staging/lib/wine/i386-windows/cryptdlg.dll
/home/captvty/.wine/drive_c/windows/system32/windows.networking.dll	/opt/wine-staging/lib/wine/x86_64-windows/windows.networking.dll
/home/captvty/.wine/drive_c/windows/syswow64/dpnlobby.dll	/opt/wine-staging/lib/wine/i386-windows/dpnlobby.dll
/home/captvty/.wine/drive_c/windows/system32/sc.exe	/opt/wine-staging/lib/wine/x86_64-windows/sc.exe
/home/captvty/.wine/drive_c/windows/syswow64/srclient.dll	/opt/wine-staging/lib/wine/i386-windows/srclient.dll
